{"type":"FeatureCollection","features":[{"_id":"california","type":"Feature","properties":{"name":"California","abbreviation":"CA","capital":"Sacramento","city":"Los Angeles","population":38332521,"area":423968,"waterarea":20502,"landarea":403466,"houseseats":53,"statehood":"1850-09-09","group":"US States"},"geometry":{"coordinates":[[[[-120.248484,33.999329],[-120.247393,34.001911],[-120.238657,34.007592],[-120.230001,34.010136],[-120.221287,34.010367],[-120.208478,34.005655],[-120.19578,34.004284],[-120.167306,34.008219],[-120.151663,34.018126],[-120.147647,34.024831],[-120.140362,34.025974],[-120.135853,34.026087],[-120.115058,34.019866],[-120.090182,34.019806],[-120.073609,34.024477],[-120.062778,34.031161],[-120.061953,34.033976],[-120.057637,34.03734],[-120.055107,34.037729],[-120.043259,34.035806],[-120.044004,34.02482],[-120.047798,34.021227],[-120.050382,34.013331],[-120.048926,34.009898],[-120.046575,34.000002],[-120.041311,33.994507],[-120.025653,33.985553],[-120.011123,33.979894],[-120.003815,33.979547],[-119.984316,33.983948],[-119.978876,33.983081],[-119.979913,33.969623],[-119.976857,33.956693],[-119.971141,33.950401],[-119.97026,33.944359],[-119.973691,33.942481],[-120.00096,33.941554],[-120.017715,33.936366],[-120.046881,33.919597],[-120.048315,33.917625],[-120.048611,33.915775],[-120.049682,33.914563],[-120.077793,33.908886],[-120.098601,33.907853],[-120.105489,33.90428],[-120.109137,33.899129],[-120.121817,33.895712],[-120.168974,33.91909],[-120.179049,33.927994],[-120.18984,33.947703],[-120.192339,33.950266],[-120.198602,33.952211],[-120.200085,33.956904],[-120.209372,33.972376],[-120.224461,33.989059],[-120.248484,33.999329]]],[[[-119.789798,34.05726],[-119.770729,34.055051],[-119.766081,34.05537],[-119.763688,34.057155],[-119.755521,34.056716],[-119.739472,34.049299],[-119.726437,34.047908],[-119.712576,34.043265],[-119.704628,34.037681],[-119.686507,34.019805],[-119.637742,34.013178],[-119.619343,34.016468],[-119.612226,34.021256],[-119.604287,34.031561],[-119.608798,34.035245],[-119.609239,34.03735],[-119.59324,34.049625],[-119.57341,34.05011],[-119.5667,34.053452],[-119.529603,34.041155],[-119.52064,34.034262],[-119.52177,34.032247],[-119.532413,34.024949],[-119.538847,34.023988],[-119.542449,34.021082],[-119.54828,34.009819],[-119.547072,34.005469],[-119.554472,33.99782],[-119.560464,33.99553],[-119.575636,33.996009],[-119.5902,33.989712],[-119.596877,33.988611],[-119.619082,33.987228],[-119.621117,33.98899],[-119.64771,33.987786],[-119.662825,33.985889],[-119.69011,33.972225],[-119.706952,33.969178],[-119.712363,33.965422],[-119.714696,33.961439],[-119.721206,33.959583],[-119.742966,33.963877],[-119.750438,33.963759],[-119.758141,33.959212],[-119.795938,33.962929],[-119.842748,33.97034],[-119.873358,33.980375],[-119.877057,33.985757],[-119.883033,34.000802],[-119.884896,34.008814],[-119.882531,34.011674],[-119.876916,34.023527],[-119.876329,34.032087],[-119.892821,34.045529],[-119.916216,34.058351],[-119.923337,34.069361],[-119.919155,34.07728],[-119.912857,34.077508],[-119.89113,34.072856],[-119.857304,34.071298],[-119.825865,34.059794],[-119.818742,34.052997],[-119.807825,34.052127],[-119.789798,34.05726]]],[[[-120.46258,34.042627],[-120.440248,34.036918],[-120.418768,34.052093],[-120.415287,34.05496],[-120.411314,34.052869],[-120.403613,34.050442],[-120.396188,34.050187],[-120.390906,34.051994],[-120.374211,34.062658],[-120.368813,34.06778],[-120.368584,34.071214],[-120.370176,34.074907],[-120.368278,34.076465],[-120.362251,34.073056],[-120.354982,34.059256],[-120.36029,34.05582],[-120.358608,34.050235],[-120.346946,34.046576],[-120.331161,34.049097],[-120.319032,34.041979],[-120.313175,34.036576],[-120.302122,34.023574],[-120.304543,34.021171],[-120.317052,34.018837],[-120.347706,34.020114],[-120.35532,34.017914],[-120.35793,34.015029],[-120.375143,34.018775],[-120.409368,34.032198],[-120.415225,34.032245],[-120.419021,34.028949],[-120.427408,34.025425],[-120.454134,34.028081],[-120.459635,34.031537],[-120.465329,34.038448],[-120.46258,34.042627]]],[[[-119.543842,33.280329],[-119.532941,33.284728],[-119.528141,33.284929],[-119.50504,33.272829],[-119.48278,33.263973],[-119.465717,33.259239],[-119.458466,33.254661],[-119.429559,33.228167],[-119.444269,33.21919],[-119.464725,33.215432],[-119.476029,33.21552],[-119.500684,33.220569],[-119.511659,33.223027],[-119.517514,33.226737],[-119.545872,33.233406],[-119.564971,33.24744],[-119.565641,33.250029],[-119.566014,33.252639],[-119.570642,33.257729],[-119.578942,33.278628],[-119.562042,33.271129],[-119.555242,33.273429],[-119.547642,33.280328],[-119.543842,33.280329]]],[[[-119.422972,34.004368],[-119.427589,34.006445],[-119.437734,34.01],[-119.441116,34.012426],[-119.441226,34.014075],[-119.433912,34.015975],[-119.421376,34.015012],[-119.411317,34.008005],[-119.396251,34.005918],[-119.389983,34.006099],[-119.366591,34.016785],[-119.357462,34.015919],[-119.376396,34.010551],[-119.391551,34.002505],[-119.414528,34.004994],[-119.422972,34.004368]]],[[[-118.524531,32.895488],[-118.535823,32.90628],[-118.551134,32.945155],[-118.560887,32.957891],[-118.573522,32.969183],[-118.586928,33.008281],[-118.596037,33.015357],[-118.606559,33.01469],[-118.605534,33.030999],[-118.594033,33.035951],[-118.57516,33.033961],[-118.569013,33.029151],[-118.564445,33.024914],[-118.564527,33.018637],[-118.559171,33.006291],[-118.540069,32.980933],[-118.529228,32.970921],[-118.496811,32.933847],[-118.485288,32.923545],[-118.479039,32.920363],[-118.460623,32.90951],[-118.446771,32.895424],[-118.369984,32.839273],[-118.353504,32.821962],[-118.356541,32.817311],[-118.36053,32.819921],[-118.379968,32.824545],[-118.387375,32.825327],[-118.394565,32.823978],[-118.401268,32.820338],[-118.425634,32.800595],[-118.42943,32.805429],[-118.428372,32.806872],[-118.44492,32.820593],[-118.476074,32.841754],[-118.487908,32.84459],[-118.496298,32.851572],[-118.506902,32.868503],[-118.508095,32.871321],[-118.507193,32.876264],[-118.524641,32.893175],[-118.524531,32.895488]]],[[[-118.500212,33.449592],[-118.499669,33.447879],[-118.48557,33.446213],[-118.477646,33.448392],[-118.445812,33.428907],[-118.423576,33.427258],[-118.382037,33.409883],[-118.370323,33.409285],[-118.368301,33.40711],[-118.365094,33.388374],[-118.32446,33.348782],[-118.316083,33.342928],[-118.310213,33.335795],[-118.303174,33.320264],[-118.305084,33.310323],[-118.316787,33.301137],[-118.325244,33.299075],[-118.343249,33.305234],[-118.360332,33.31533],[-118.374768,33.320065],[-118.402941,33.320901],[-118.440047,33.318638],[-118.456309,33.32182],[-118.465368,33.326056],[-118.481886,33.344123],[-118.48877,33.356649],[-118.482609,33.369914],[-118.478465,33.38632],[-118.484949,33.412131],[-118.48875,33.419826],[-118.503952,33.424234],[-118.515914,33.422417],[-118.516267,33.425075],[-118.52323,33.430733],[-118.53738,33.434608],[-118.558715,33.433419],[-118.563442,33.434381],[-118.570927,33.439351],[-118.575901,33.448261],[-118.593969,33.467198],[-118.601185,33.469853],[-118.60403,33.47654],[-118.603375,33.478098],[-118.598783,33.477939],[-118.585936,33.473819],[-118.54453,33.474119],[-118.530702,33.468071],[-118.500212,33.449592]]],[[[-122.418698,37.852717],[-122.434403,37.852434],[-122.443302,37.855448],[-122.446316,37.861046],[-122.438565,37.868367],[-122.430958,37.872242],[-122.421439,37.869969],[-122.421341,37.869946],[-122.41847,37.861764],[-122.41847,37.852721],[-122.418698,37.852717]]],[[[-123.013916,37.700355],[-123.013897,37.704478],[-123.012194,37.706749],[-123.004489,37.706262],[-123.00019,37.702937],[-122.997189,37.697909],[-123.000677,37.690203],[-123.005543,37.689392],[-123.011464,37.691907],[-123.014303,37.696205],[-123.013916,37.700355]]],[[[-122.3785,37.826505],[-122.377879,37.830648],[-122.369941,37.832137],[-122.363244,37.823951],[-122.358779,37.814278],[-122.362661,37.807577],[-122.372422,37.811301],[-122.37267,37.81651],[-122.3785,37.826505]]],[[[-124.065521,41.464739],[-124.066057,41.470258],[-124.075917,41.501757],[-124.081427,41.511228],[-124.081987,41.547761],[-124.092404,41.553615],[-124.101123,41.569192],[-124.101403,41.578524],[-124.097385,41.585251],[-124.100961,41.602499],[-124.114413,41.616768],[-124.116037,41.628849],[-124.120225,41.640354],[-124.135552,41.657307],[-124.139354,41.671652],[-124.138373,41.678881],[-124.143479,41.709284],[-124.147412,41.717955],[-124.154246,41.728801],[-124.164716,41.740126],[-124.17739,41.745756],[-124.185363,41.739351],[-124.19104,41.736079],[-124.194953,41.736778],[-124.203843,41.747035],[-124.23972,41.7708],[-124.242288,41.772034],[-124.248704,41.771459],[-124.255994,41.783014],[-124.245027,41.7923],[-124.230678,41.818681],[-124.219592,41.846432],[-124.208439,41.888192],[-124.203402,41.940964],[-124.204948,41.983441],[-124.211605,41.99846],[-124.100921,41.996956],[-124.100216,41.996842],[-124.087827,41.996891],[-124.086661,41.996869],[-123.821472,41.995473],[-123.624554,41.999837],[-123.518075,42.000436],[-123.501997,42.000527],[-123.498896,42.000474],[-123.49883,42.000525],[-123.347562,41.999108],[-123.230764,42.003845],[-123.230762,42.003845],[-123.154908,42.008036],[-123.045254,42.003049],[-123.001152,42.003],[-122.634739,42.004858],[-122.501135,42.00846],[-122.378193,42.009518],[-122.289533,42.007764],[-122.289527,42.007764],[-122.161328,42.007637],[-122.160438,42.007637],[-122.156666,42.007384],[-122.155408,42.007429],[-122.001119,42.004017],[-121.708199,42.000815],[-121.705045,42.000766],[-121.689159,42.000584],[-121.675348,42.000351],[-121.580865,41.998668],[-121.52025,41.997983],[-121.44754,41.997169],[-121.43961,41.99708],[-121.434977,41.997022],[-121.376101,41.997026],[-121.360253,41.99668],[-121.340517,41.99622],[-121.335734,41.996518],[-121.334385,41.996655],[-121.154347,41.996352],[-121.035195,41.993323],[-120.879481,41.993781],[-120.693941,41.993676],[-120.692219,41.993677],[-120.326005,41.993122],[-120.286424,41.993058],[-119.999168,41.99454],[-119.999866,41.183974],[-119.999358,40.873101],[-119.999232,40.867454],[-119.999231,40.865899],[-119.995926,40.499901],[-119.996155,40.321838],[-119.996155,40.32125],[-119.996182,40.263532],[-119.996183,40.262461],[-119.997124,40.126363],[-119.997234,40.091591],[-119.997175,40.077245],[-119.997291,40.071803],[-120.000607,39.780779],[-120.000502,39.779956],[-120.001319,39.72242],[-120.001319,39.722416],[-120.003116,39.445113],[-120.003117,39.445045],[-120.005318,39.316479],[-120.00532,39.31635],[-120.005413,39.313848],[-120.005414,39.313345],[-120.005743,39.228664],[-120.005746,39.22521],[-120.004504,39.165599],[-120.003402,39.112687],[-120.002461,39.067489],[-120.001014,38.999574],[-119.904315,38.933324],[-119.587679,38.714734],[-119.587066,38.714345],[-119.585437,38.713212],[-119.494183,38.649852],[-119.494022,38.649734],[-119.450612,38.619964],[-119.450623,38.619965],[-119.328498,38.534648],[-119.156863,38.414743],[-119.125982,38.39317],[-118.746598,38.124926],[-118.428581,37.895613],[-118.039798,37.615273],[-118.039849,37.615245],[-117.832726,37.464929],[-117.500909,37.220282],[-117.166187,36.970862],[-117.000895,36.847694],[-116.488233,36.459097],[-116.097216,36.158346],[-116.093601,36.155805],[-115.912858,36.015359],[-115.892975,35.999967],[-115.84608,35.963596],[-115.689302,35.842003],[-115.648029,35.809629],[-115.647683,35.809358],[-115.647202,35.808995],[-115.406079,35.618613],[-115.404537,35.617605],[-115.393996,35.609344],[-115.391535,35.607271],[-115.388866,35.605171],[-115.303743,35.538207],[-115.271342,35.51266],[-115.225273,35.475907],[-115.160599,35.424313],[-115.160068,35.424129],[-115.146788,35.413662],[-115.145813,35.413182],[-114.92548,35.237054],[-114.925381,35.237039],[-114.80503,35.140284],[-114.804249,35.139689],[-114.633013,35.002085],[-114.62919,34.991887],[-114.629015,34.986148],[-114.630877,34.907263],[-114.636725,34.889107],[-114.635176,34.875003],[-114.633051,34.869971],[-114.552682,34.766871],[-114.465607,34.69226],[-114.452547,34.653494],[-114.339627,34.451435],[-114.264317,34.401329],[-114.199482,34.361373],[-114.176909,34.349306],[-114.138282,34.30323],[-114.131489,34.260387],[-114.133264,34.258462],[-114.164476,34.251667],[-114.225861,34.201774],[-114.244191,34.179625],[-114.312592,34.144453],[-114.321618,34.138093],[-114.366521,34.118575],[-114.390565,34.110084],[-114.401352,34.111652],[-114.411681,34.110031],[-114.420499,34.103466],[-114.43338,34.088413],[-114.435429,34.079727],[-114.434949,34.037784],[-114.438266,34.022609],[-114.46361,33.993431],[-114.499883,33.961789],[-114.518434,33.917518],[-114.525539,33.838614],[-114.523365,33.80612],[-114.50434,33.756381],[-114.494197,33.707922],[-114.496489,33.696901],[-114.519113,33.688473],[-114.523959,33.685879],[-114.530348,33.679245],[-114.540617,33.591412],[-114.5403,33.580615],[-114.535965,33.569154],[-114.535664,33.568788],[-114.558898,33.531819],[-114.594534,33.495059],[-114.622918,33.456561],[-114.627125,33.433554],[-114.665278,33.415358],[-114.721233,33.396912],[-114.700103,33.341045],[-114.672088,33.258499],[-114.67536,33.185489],[-114.679359,33.159519],[-114.687074,33.142196],[-114.696829,33.131209],[-114.706175,33.105335],[-114.707819,33.091102],[-114.675104,33.047532],[-114.62387,33.02872],[-114.606282,33.025703],[-114.589778,33.026228],[-114.584765,33.028231],[-114.578287,33.035375],[-114.571653,33.036624],[-114.523578,33.030961],[-114.516912,33.026871],[-114.511343,33.023455],[-114.468605,32.971649],[-114.46289,32.905797],[-114.465715,32.87942],[-114.465715,32.879191],[-114.496284,32.822326],[-114.496827,32.822119],[-114.615733,32.729427],[-114.615585,32.728446],[-114.65826,32.733799],[-114.65884,32.73383],[-114.677091,32.736218],[-114.678632,32.736614],[-114.719633,32.718763],[-115.465164,32.6671],[-115.875842,32.636424],[-116.106159,32.618328],[-116.390091,32.59602],[-117.118865,32.534661],[-117.124862,32.534156],[-117.133363,32.575625],[-117.132963,32.597054],[-117.136664,32.618754],[-117.139464,32.627054],[-117.159865,32.660652],[-117.168866,32.671952],[-117.180366,32.681652],[-117.192967,32.687751],[-117.196767,32.688851],[-117.213068,32.687751],[-117.223868,32.683051],[-117.236239,32.671353],[-117.246069,32.669352],[-117.255169,32.700051],[-117.25757,32.72605],[-117.25537,32.745449],[-117.25257,32.752949],[-117.25497,32.786948],[-117.26107,32.803148],[-117.280971,32.822247],[-117.28217,32.839547],[-117.28117,32.843047],[-117.27387,32.851447],[-117.26497,32.848947],[-117.26067,32.852647],[-117.25617,32.859447],[-117.25167,32.874346],[-117.25447,32.900146],[-117.26047,32.931245],[-117.262547,32.939542],[-117.28077,33.012343],[-117.29337,33.034642],[-117.309771,33.07454],[-117.315278,33.093504],[-117.328359,33.121842],[-117.359484,33.164231],[-117.362572,33.168437],[-117.39148,33.202762],[-117.401926,33.213598],[-117.445583,33.268517],[-117.469794,33.296417],[-117.50565,33.334063],[-117.547693,33.365491],[-117.571722,33.378988],[-117.59588,33.386629],[-117.607905,33.406317],[-117.631682,33.430528],[-117.645582,33.440728],[-117.645592,33.440733],[-117.684584,33.461927],[-117.689284,33.460155],[-117.691984,33.456627],[-117.691384,33.454028],[-117.715349,33.460556],[-117.726486,33.483427],[-117.761387,33.516326],[-117.784888,33.541525],[-117.801288,33.546324],[-117.814188,33.552224],[-117.840289,33.573523],[-117.87679,33.592322],[-117.89979,33.599622],[-117.927091,33.605521],[-117.940591,33.620021],[-117.957114,33.629466],[-118.000593,33.654319],[-118.029694,33.676418],[-118.064895,33.711018],[-118.088896,33.729817],[-118.101097,33.734117],[-118.116703,33.743549],[-118.132698,33.753217],[-118.1569,33.760317],[-118.1755,33.763617],[-118.180831,33.763072],[-118.187701,33.749218],[-118.1837,33.736118],[-118.181367,33.717367],[-118.207476,33.716905],[-118.258687,33.703741],[-118.277208,33.707091],[-118.297104,33.708319],[-118.317205,33.712818],[-118.354705,33.732317],[-118.360505,33.736817],[-118.385006,33.741417],[-118.396606,33.735917],[-118.411211,33.741985],[-118.428407,33.774715],[-118.423407,33.782015],[-118.405007,33.800215],[-118.394376,33.804289],[-118.394307,33.804315],[-118.391507,33.815415],[-118.392107,33.840915],[-118.412708,33.883913],[-118.44241,33.940312],[-118.460611,33.969111],[-118.482729,33.995912],[-118.484212,33.99771],[-118.502813,34.015509],[-118.519514,34.027509],[-118.543115,34.038508],[-118.569235,34.04164],[-118.603572,34.039048],[-118.609652,34.036424],[-118.668358,34.038887],[-118.67543,34.037479],[-118.679366,34.033255],[-118.706215,34.029383],[-118.732391,34.032743],[-118.744952,34.032103],[-118.783433,34.021543],[-118.787094,34.019545],[-118.805114,34.001239],[-118.821579,34.013959],[-118.84038,34.027527],[-118.854653,34.034215],[-118.896159,34.039207],[-118.928048,34.045847],[-118.938081,34.043383],[-118.944887,34.04534],[-118.954722,34.048167],[-118.977751,34.059822],[-118.99698,34.065943],[-119.004644,34.066231],[-119.037494,34.083111],[-119.069959,34.09047],[-119.088536,34.09831],[-119.098216,34.099334],[-119.109784,34.094566],[-119.130169,34.100102],[-119.159554,34.119653],[-119.18864,34.139005],[-119.20314,34.144505],[-119.211241,34.144905],[-119.216441,34.146105],[-119.227743,34.161728],[-119.237142,34.175804],[-119.257043,34.213304],[-119.265927,34.234609],[-119.270144,34.252903],[-119.278644,34.266902],[-119.290945,34.274902],[-119.302131,34.272761],[-119.313034,34.275689],[-119.337475,34.290576],[-119.349187,34.304383],[-119.370356,34.319486],[-119.37578,34.321118],[-119.388249,34.317398],[-119.390449,34.318198],[-119.42777,34.353016],[-119.431066,34.355297],[-119.435888,34.355839],[-119.461036,34.374064],[-119.472678,34.375628],[-119.478265,34.377197],[-119.510655,34.386295],[-119.536957,34.395495],[-119.559459,34.413395],[-119.616862,34.420995],[-119.638864,34.415696],[-119.648664,34.417396],[-119.671866,34.416096],[-119.688167,34.412497],[-119.684666,34.408297],[-119.691749,34.403154],[-119.709067,34.395397],[-119.729369,34.395897],[-119.74547,34.402898],[-119.785871,34.415997],[-119.794771,34.417597],[-119.835771,34.415796],[-119.853771,34.407996],[-119.873971,34.408795],[-119.925227,34.433931],[-119.956433,34.435288],[-119.971951,34.444641],[-120.008077,34.460447],[-120.038828,34.463434],[-120.050682,34.461651],[-120.088591,34.460208],[-120.097212,34.461809],[-120.118411,34.469927],[-120.141165,34.473405],[-120.183505,34.470372],[-120.225498,34.470587],[-120.238002,34.468098],[-120.25777,34.467451],[-120.283001,34.468354],[-120.295051,34.470623],[-120.299169,34.469731],[-120.301822,34.467077],[-120.341369,34.458789],[-120.441975,34.451512],[-120.451425,34.447094],[-120.471376,34.447846],[-120.47661,34.475131],[-120.480372,34.481059],[-120.490523,34.490075],[-120.511421,34.522953],[-120.524776,34.531291],[-120.581293,34.556959],[-120.608355,34.556656],[-120.612005,34.553564],[-120.622575,34.554017],[-120.637805,34.56622],[-120.645739,34.581035],[-120.640244,34.604406],[-120.625127,34.634489],[-120.60197,34.692095],[-120.60045,34.70464],[-120.601672,34.709721],[-120.614852,34.730709],[-120.62632,34.738072],[-120.637415,34.755895],[-120.62297,34.7933],[-120.616296,34.816308],[-120.609898,34.842751],[-120.610266,34.85818],[-120.616325,34.866739],[-120.639283,34.880413],[-120.642212,34.894145],[-120.647328,34.901133],[-120.662889,34.901183],[-120.670835,34.904115],[-120.648905,34.974393],[-120.63999,35.002963],[-120.63357,35.033085],[-120.629931,35.061515],[-120.629583,35.078362],[-120.630957,35.101941],[-120.635787,35.123805],[-120.644311,35.139616],[-120.651134,35.147768],[-120.662475,35.153357],[-120.667994,35.15203],[-120.675074,35.153061],[-120.686974,35.160708],[-120.698906,35.171192],[-120.704203,35.173206],[-120.714185,35.175998],[-120.734231,35.178472],[-120.74887,35.177795],[-120.754823,35.174701],[-120.756862,35.169208],[-120.756086,35.160459],[-120.760492,35.15971],[-120.778998,35.168897],[-120.786076,35.177666],[-120.805258,35.184973],[-120.846674,35.204429],[-120.856047,35.206487],[-120.873046,35.225688],[-120.89679,35.247877],[-120.896876,35.25399],[-120.889354,35.277819],[-120.87957,35.294184],[-120.8672,35.327154],[-120.862684,35.346776],[-120.862133,35.360763],[-120.866099,35.393045],[-120.869209,35.403276],[-120.884757,35.430196],[-120.896862,35.442243],[-120.907937,35.449069],[-120.946546,35.446715],[-120.950742,35.44802],[-120.955863,35.453743],[-120.969436,35.460197],[-120.976122,35.459028],[-121.003359,35.46071],[-121.025621,35.484598],[-121.05308,35.50753],[-121.059913,35.509671],[-121.101595,35.548814],[-121.126027,35.593058],[-121.133556,35.600455],[-121.143561,35.606046],[-121.166712,35.635399],[-121.188897,35.643138],[-121.195291,35.640734],[-121.251034,35.656641],[-121.272322,35.666711],[-121.284973,35.674109],[-121.289794,35.689428],[-121.296473,35.696824],[-121.304583,35.701794],[-121.314632,35.71331],[-121.315786,35.75252],[-121.324918,35.769347],[-121.332449,35.783106],[-121.346363,35.795183],[-121.356737,35.804187],[-121.388053,35.823483],[-121.406823,35.844623],[-121.413146,35.855316],[-121.426955,35.860103],[-121.439584,35.86695],[-121.462264,35.885618],[-121.461227,35.896906],[-121.463452,35.904416],[-121.472435,35.91989],[-121.4862,35.970348],[-121.503112,36.000299],[-121.51159,36.006598],[-121.531876,36.014368],[-121.553716,36.019798],[-121.569612,36.021539],[-121.574602,36.025156],[-121.590395,36.050363],[-121.589183,36.053775],[-121.592853,36.065062],[-121.606845,36.072065],[-121.618672,36.087767],[-121.622009,36.099695],[-121.629634,36.114452],[-121.680145,36.165818],[-121.717176,36.195146],[-121.779851,36.227407],[-121.797059,36.234211],[-121.806979,36.232907],[-121.813734,36.234235],[-121.826425,36.24186],[-121.835785,36.250748],[-121.83935,36.260478],[-121.851967,36.277831],[-121.874797,36.289064],[-121.888491,36.30281],[-121.894714,36.317806],[-121.892917,36.340428],[-121.905446,36.358269],[-121.902669,36.363901],[-121.901813,36.381879],[-121.903195,36.393603],[-121.905657,36.398206],[-121.914378,36.404344],[-121.917463,36.414809],[-121.91474,36.42589],[-121.9255,36.453918],[-121.937205,36.472488],[-121.9416,36.485602],[-121.939216,36.496896],[-121.938763,36.506423],[-121.943678,36.511802],[-121.944666,36.521861],[-121.928769,36.523147],[-121.925937,36.525173],[-121.932508,36.559935],[-121.942533,36.566435],[-121.949659,36.567602],[-121.95146,36.564009],[-121.957335,36.564482],[-121.972594,36.57337],[-121.978592,36.580488],[-121.970427,36.582754],[-121.941666,36.618059],[-121.938551,36.633908],[-121.93643,36.636746],[-121.929666,36.636959],[-121.923866,36.634559],[-121.890164,36.609259],[-121.889064,36.601759],[-121.886764,36.601459],[-121.871364,36.604559],[-121.860604,36.611136],[-121.842263,36.630059],[-121.831995,36.644856],[-121.825052,36.657207],[-121.814462,36.682858],[-121.807062,36.714157],[-121.805643,36.750239],[-121.788278,36.803994],[-121.791544,36.815186],[-121.809363,36.848654],[-121.810552,36.850648],[-121.827664,36.879353],[-121.862266,36.931552],[-121.880167,36.950151],[-121.894667,36.961851],[-121.906468,36.96895],[-121.930069,36.97815],[-121.93947,36.97805],[-121.95167,36.97145],[-121.972771,36.954151],[-121.975871,36.954051],[-121.983896,36.958727],[-122.012373,36.96455],[-122.023373,36.96215],[-122.027174,36.95115],[-122.050122,36.948523],[-122.066421,36.948271],[-122.079356,36.950783],[-122.105976,36.955951],[-122.140578,36.97495],[-122.155078,36.98085],[-122.186879,37.00345],[-122.20618,37.013949],[-122.252181,37.059448],[-122.260481,37.072548],[-122.284882,37.101747],[-122.292974,37.107318],[-122.306139,37.116383],[-122.313907,37.118161],[-122.322971,37.11546],[-122.330463,37.115338],[-122.337071,37.117382],[-122.338856,37.120854],[-122.337085,37.130795],[-122.337833,37.135936],[-122.344029,37.144099],[-122.359791,37.155574],[-122.36179,37.163593],[-122.367085,37.172817],[-122.37927,37.181128],[-122.390599,37.182988],[-122.397065,37.187249],[-122.405073,37.195791],[-122.407181,37.219465],[-122.408982,37.225258],[-122.415822,37.232839],[-122.419113,37.24147],[-122.418452,37.248521],[-122.411686,37.265844],[-122.401323,37.337009],[-122.40085,37.359225],[-122.409258,37.374805],[-122.423286,37.392542],[-122.443687,37.435941],[-122.445987,37.461541],[-122.452087,37.48054],[-122.467888,37.49814],[-122.472388,37.50054],[-122.476443,37.498768],[-122.482351,37.496187],[-122.485888,37.494641],[-122.486749,37.49439],[-122.487139,37.494277],[-122.493789,37.492341],[-122.494429,37.49269],[-122.499289,37.495341],[-122.516689,37.52134],[-122.519533,37.537302],[-122.516589,37.544939],[-122.514789,37.546139],[-122.513688,37.552239],[-122.518088,37.576138],[-122.517187,37.590637],[-122.501386,37.599637],[-122.496786,37.612136],[-122.494085,37.644035],[-122.496784,37.686433],[-122.502427,37.708133],[-122.506483,37.723731],[-122.509397,37.748841],[-122.511983,37.77113],[-122.514483,37.780829],[-122.50531,37.788312],[-122.492883,37.787929],[-122.485783,37.790629],[-122.478083,37.810828],[-122.470336,37.808671],[-122.463793,37.804653],[-122.425942,37.810979],[-122.407452,37.811441],[-122.398139,37.80563],[-122.385323,37.790724],[-122.375854,37.734979],[-122.370094,37.732331],[-122.367697,37.734943],[-122.365478,37.734621],[-122.356784,37.729505],[-122.361749,37.71501],[-122.370411,37.717572],[-122.391374,37.708331],[-122.39319,37.707531],[-122.387626,37.67906],[-122.374291,37.662206],[-122.3756,37.652389],[-122.37789,37.650425],[-122.387381,37.648462],[-122.386072,37.637662],[-122.365455,37.626208],[-122.35531,37.615736],[-122.358583,37.611155],[-122.370364,37.614427],[-122.373309,37.613773],[-122.378545,37.605592],[-122.360219,37.592501],[-122.317676,37.590865],[-122.315385,37.587265],[-122.315713,37.583666],[-122.305895,37.575484],[-122.262698,37.572866],[-122.251898,37.566321],[-122.244372,37.55814],[-122.242832,37.557136],[-122.236323,37.552891],[-122.225135,37.545594],[-122.214264,37.538505],[-122.196593,37.537196],[-122.194957,37.522469],[-122.168449,37.504143],[-122.155686,37.501198],[-122.149632,37.502671],[-122.140142,37.507907],[-122.130979,37.503652],[-122.127706,37.500053],[-122.116112,37.505386],[-122.111344,37.50758],[-122.111998,37.528851],[-122.128688,37.560594],[-122.133924,37.562885],[-122.137524,37.567467],[-122.144396,37.581866],[-122.147014,37.588411],[-122.145378,37.600846],[-122.14636,37.607391],[-122.152905,37.640771],[-122.163049,37.667933],[-122.170904,37.676114],[-122.179085,37.680041],[-122.197411,37.692804],[-122.203971,37.697769],[-122.213774,37.698695],[-122.221628,37.705567],[-122.246826,37.72193],[-122.255989,37.735674],[-122.257953,37.739601],[-122.257134,37.745001],[-122.252226,37.747619],[-122.244938,37.750294],[-122.242638,37.753744],[-122.253753,37.761218],[-122.264101,37.764667],[-122.275408,37.76735],[-122.286139,37.769458],[-122.293996,37.770416],[-122.304345,37.774632],[-122.318909,37.77904],[-122.329159,37.783173],[-122.33079,37.78383],[-122.330963,37.786035],[-122.331748,37.796052],[-122.33555,37.799538],[-122.335675,37.799652],[-122.333711,37.809797],[-122.323567,37.823214],[-122.317676,37.826814],[-122.306222,37.827469],[-122.303931,37.830087],[-122.301313,37.847758],[-122.310477,37.873938],[-122.309986,37.892755],[-122.313258,37.89701],[-122.313496,37.897211],[-122.32373,37.905845],[-122.33453,37.908791],[-122.35711,37.908791],[-122.362346,37.904209],[-122.367582,37.903882],[-122.378709,37.905191],[-122.385908,37.908136],[-122.389181,37.9101],[-122.39049,37.922535],[-122.395071,37.927117],[-122.401289,37.928426],[-122.413725,37.937262],[-122.417371,37.943513],[-122.430087,37.963115],[-122.42976,37.965405],[-122.415361,37.963115],[-122.411761,37.960497],[-122.408383,37.957544],[-122.399832,37.956009],[-122.367582,37.978168],[-122.361905,37.989991],[-122.363001,37.994375],[-122.366928,37.998458],[-122.368891,38.007948],[-122.367909,38.01253],[-122.363655,38.014166],[-122.359493,38.009941],[-122.340093,38.003694],[-122.331912,38.00533],[-122.321112,38.012857],[-122.315549,38.013511],[-122.300823,38.010893],[-122.283478,38.022674],[-122.262861,38.0446],[-122.262861,38.051473],[-122.266669,38.06007],[-122.273006,38.07438],[-122.282824,38.082889],[-122.301804,38.105142],[-122.314567,38.115287],[-122.366273,38.141467],[-122.39638,38.149976],[-122.403514,38.150624],[-122.40358,38.15063],[-122.409798,38.136231],[-122.439577,38.116923],[-122.450377,38.116269],[-122.454958,38.118887],[-122.484411,38.11496],[-122.489974,38.112014],[-122.490727,38.109755],[-122.491283,38.108087],[-122.489974,38.096961],[-122.486702,38.090088],[-122.483757,38.071762],[-122.492265,38.056381],[-122.499465,38.032165],[-122.497828,38.019402],[-122.494556,38.015148],[-122.481466,38.007621],[-122.462812,38.003367],[-122.452995,37.996167],[-122.448413,37.988313],[-122.448413,37.984713],[-122.456595,37.978823],[-122.462485,37.981441],[-122.471975,37.981768],[-122.488665,37.966714],[-122.490302,37.964751],[-122.490302,37.959188],[-122.487684,37.948716],[-122.480484,37.945443],[-122.479175,37.941516],[-122.48572,37.937589],[-122.499465,37.939225],[-122.503064,37.936607],[-122.503064,37.928753],[-122.493574,37.921881],[-122.486375,37.921881],[-122.478193,37.918608],[-122.471975,37.910427],[-122.472303,37.902573],[-122.458558,37.894064],[-122.448413,37.89341],[-122.43925,37.88392],[-122.438268,37.880974],[-122.45005,37.871157],[-122.462158,37.868866],[-122.474266,37.874429],[-122.480811,37.873448],[-122.483429,37.868866],[-122.483102,37.863957],[-122.476536,37.832812],[-122.476473,37.832513],[-122.479151,37.825428],[-122.47986,37.825641],[-122.483483,37.826728],[-122.492474,37.82484],[-122.505383,37.822128],[-122.522836,37.824717],[-122.523585,37.824828],[-122.537285,37.830328],[-122.548986,37.836227],[-122.561487,37.851827],[-122.584289,37.859227],[-122.60129,37.875126],[-122.627113,37.88608],[-122.639977,37.897349],[-122.656519,37.904519],[-122.678474,37.906604],[-122.682171,37.90645],[-122.693569,37.901171],[-122.70264,37.89382],[-122.727297,37.904626],[-122.732898,37.920225],[-122.736898,37.925825],[-122.754606,37.935527],[-122.766138,37.938004],[-122.783244,37.951334],[-122.791739,37.969422],[-122.797405,37.976657],[-122.821383,37.996735],[-122.856573,38.016717],[-122.882114,38.025273],[-122.939711,38.031908],[-122.956811,38.02872],[-122.972378,38.020247],[-122.981776,38.009119],[-122.982386,38.004274],[-122.980147,38.000831],[-122.976764,37.99568],[-122.97439,37.992429],[-123.024066,37.994878],[-123.020562,37.999544],[-123.016303,38.001691],[-123.011533,38.003438],[-122.99242,38.041758],[-122.960889,38.112962],[-122.952086,38.138562],[-122.949074,38.15406],[-122.949626,38.164041],[-122.953629,38.17567],[-122.965408,38.187113],[-122.96637,38.198514],[-122.968112,38.202428],[-122.991953,38.233185],[-122.993959,38.237602],[-122.993235,38.239686],[-122.987149,38.237538],[-122.968569,38.242879],[-122.967203,38.250691],[-122.977082,38.267902],[-122.986319,38.273164],[-122.994603,38.283096],[-122.997106,38.289458],[-123.002911,38.295708],[-123.004122,38.297012],[-123.024333,38.310573],[-123.038742,38.313576],[-123.051061,38.310693],[-123.053476,38.305722],[-123.052021,38.302246],[-123.053504,38.299385],[-123.058239,38.298355],[-123.063671,38.302178],[-123.074684,38.322574],[-123.068437,38.33521],[-123.068265,38.359865],[-123.085572,38.390525],[-123.103706,38.415541],[-123.122379,38.437314],[-123.128825,38.450418],[-123.145325,38.459422],[-123.166428,38.474947],[-123.202277,38.494314],[-123.249797,38.511045],[-123.287156,38.540223],[-123.297151,38.543452],[-123.331899,38.565542],[-123.343338,38.590008],[-123.349612,38.596805],[-123.371876,38.607235],[-123.379303,38.621953],[-123.398166,38.647044],[-123.40301,38.649449],[-123.405663,38.656729],[-123.43272,38.687131],[-123.441774,38.699744],[-123.461291,38.717001],[-123.490021,38.732213],[-123.514784,38.741966],[-123.525152,38.753801],[-123.533535,38.768408],[-123.541837,38.776764],[-123.571987,38.798189],[-123.579856,38.802835],[-123.58638,38.802857],[-123.600221,38.814115],[-123.601569,38.81899],[-123.605317,38.822765],[-123.638637,38.843865],[-123.642676,38.844005],[-123.647387,38.845472],[-123.652212,38.854582],[-123.654696,38.865638],[-123.659846,38.872529],[-123.688099,38.893594],[-123.71054,38.91323],[-123.725367,38.917438],[-123.72763,38.9295],[-123.726315,38.936367],[-123.738886,38.95412],[-123.732892,38.954994],[-123.729053,38.956667],[-123.721347,38.963879],[-123.711149,38.977316],[-123.6969,39.004401],[-123.69074,39.021293],[-123.690095,39.031157],[-123.693969,39.057363],[-123.713392,39.108422],[-123.721505,39.125327],[-123.735936,39.139644],[-123.737913,39.143442],[-123.742221,39.164885],[-123.76101,39.191595],[-123.765891,39.193657],[-123.774998,39.212083],[-123.777368,39.237214],[-123.787893,39.264327],[-123.798991,39.271355],[-123.803848,39.278771],[-123.801757,39.28353],[-123.803081,39.291747],[-123.811387,39.312825],[-123.808772,39.324368],[-123.817369,39.3388],[-123.822085,39.343857],[-123.825331,39.360814],[-123.826306,39.36871],[-123.822325,39.379987],[-123.821887,39.406809],[-123.81469,39.446538],[-123.795639,39.492215],[-123.78417,39.509419],[-123.778521,39.521478],[-123.766475,39.552803],[-123.76721,39.559852],[-123.787417,39.604552],[-123.78354,39.609517],[-123.782322,39.621486],[-123.78636,39.659932],[-123.792659,39.684122],[-123.808208,39.710715],[-123.824744,39.718128],[-123.829545,39.723071],[-123.831599,39.730629],[-123.835092,39.738768],[-123.838089,39.752409],[-123.83715,39.776232],[-123.839797,39.795637],[-123.851714,39.832041],[-123.853764,39.8341],[-123.881458,39.845422],[-123.907664,39.863028],[-123.915142,39.875313],[-123.915853,39.881114],[-123.930047,39.909697],[-123.954952,39.922373],[-123.962655,39.937635],[-123.980031,39.962458],[-123.99586,39.973045],[-124.023938,40.001284],[-124.035904,40.013319],[-124.056408,40.024305],[-124.065069,40.024785],[-124.068908,40.021307],[-124.072509,40.022657],[-124.079983,40.029773],[-124.080709,40.06611],[-124.087086,40.078442],[-124.110549,40.103765],[-124.139952,40.11635],[-124.170767,40.124207],[-124.187874,40.130542],[-124.214895,40.160902],[-124.231095,40.171581],[-124.258405,40.184277],[-124.296497,40.208816],[-124.320912,40.226617],[-124.327691,40.23737],[-124.34307,40.243979],[-124.352715,40.250453],[-124.363414,40.260974],[-124.363634,40.276212],[-124.347853,40.314634],[-124.353124,40.331425],[-124.356595,40.335016],[-124.362796,40.350046],[-124.365357,40.374855],[-124.373599,40.392923],[-124.379082,40.398828],[-124.391496,40.407047],[-124.402623,40.422105],[-124.409591,40.438076],[-124.408601,40.443201],[-124.396642,40.462119],[-124.38494,40.48982],[-124.383224,40.499852],[-124.387023,40.504954],[-124.382816,40.519],[-124.379096,40.522865],[-124.363545,40.548698],[-124.329404,40.61643],[-124.315141,40.639526],[-124.312558,40.641333],[-124.289119,40.67963],[-124.248406,40.735166],[-124.228244,40.76939],[-124.201921,40.805111],[-124.176715,40.843618],[-124.158322,40.876069],[-124.137066,40.925732],[-124.118147,40.989263],[-124.112165,41.028173],[-124.125448,41.048504],[-124.132946,41.052482],[-124.138217,41.054342],[-124.142867,41.054032],[-124.147216,41.052884],[-124.148939,41.051467],[-124.151266,41.051101],[-124.153622,41.05355],[-124.154028,41.059923],[-124.154513,41.087159],[-124.160556,41.099011],[-124.159065,41.121957],[-124.165414,41.129822],[-124.163988,41.138675],[-124.158539,41.143021],[-124.149674,41.140845],[-124.1438,41.144686],[-124.122677,41.189726],[-124.106986,41.229678],[-124.106389,41.240682],[-124.092284,41.287695],[-124.079015,41.347135],[-124.072294,41.374844],[-124.063076,41.439579],[-124.065521,41.464739]]]],"type":"MultiPolygon"}},{"_id":"oregon","type":"Feature","properties":{"name":"Oregon","abbreviation":"OR","capital":"Salem","city":"Portland","population":3930065,"area":254800,"waterarea":6193,"landarea":248608,"houseseats":5,"statehood":"1859-02-14","group":"US States"},"geometry":{"coordinates":[[[-121.908267,45.654399],[-121.900858,45.662009],[-121.901855,45.670716],[-121.867167,45.693277],[-121.820055,45.704649],[-121.811304,45.706761],[-121.735104,45.694039],[-121.707358,45.694809],[-121.626185,45.705915],[-121.533106,45.726541],[-121.522392,45.724677],[-121.462849,45.701367],[-121.441045,45.69727],[-121.423592,45.69399],[-121.401739,45.692887],[-121.372574,45.703111],[-121.33777,45.704949],[-121.312198,45.699925],[-121.215779,45.671238],[-121.200367,45.649829],[-121.195233,45.629513],[-121.086675,45.646667],[-121.06437,45.652549],[-120.943977,45.656445],[-120.915876,45.641345],[-120.870042,45.661242],[-120.855674,45.671545],[-120.788872,45.686246],[-120.68937,45.715847],[-120.668869,45.730147],[-120.653559,45.737237],[-120.634968,45.745847],[-120.591166,45.746547],[-120.559465,45.738348],[-120.521964,45.709848],[-120.505863,45.700048],[-120.482362,45.694449],[-120.40396,45.699249],[-120.210754,45.725951],[-120.170453,45.761951],[-120.141352,45.773152],[-120.001148,45.811902],[-119.999506,45.812199],[-119.868135,45.835962],[-119.802655,45.84753],[-119.772927,45.845578],[-119.669877,45.856867],[-119.623393,45.905639],[-119.600549,45.919581],[-119.571584,45.925456],[-119.524632,45.908605],[-119.487829,45.906307],[-119.432067,45.913629],[-119.37613,45.920974],[-119.322509,45.933183],[-119.25715,45.939926],[-119.225745,45.932725],[-119.19553,45.92787],[-119.169496,45.927603],[-119.12612,45.932859],[-119.093221,45.942745],[-119.027056,45.969134],[-119.008558,45.97927],[-118.987129,45.999855],[-118.67787,46.000935],[-118.658717,46.000955],[-118.639332,46.000994],[-118.637725,46.00097],[-118.579906,46.000818],[-118.57571,46.000718],[-118.569392,46.000773],[-118.537119,46.00084],[-118.497027,46.00062],[-118.470756,46.000632],[-118.37836,46.000574],[-118.36779,46.000622],[-118.314982,46.000453],[-118.256368,46.000439],[-118.25253,46.000459],[-118.236584,46.000418],[-118.228941,46.000421],[-118.131019,46.00028],[-118.126197,46.000282],[-117.996911,46.000787],[-117.977766,46.000695],[-117.603163,45.998887],[-117.504833,45.998317],[-117.48013,45.99787],[-117.480103,45.99787],[-117.47536,45.997855],[-117.475148,45.997893],[-117.216731,45.998356],[-117.214534,45.99832],[-117.212616,45.998321],[-116.915989,45.995413],[-116.875125,45.9422],[-116.866544,45.916958],[-116.857254,45.904159],[-116.796418,45.853807],[-116.789099,45.847749],[-116.633377,45.784681],[-116.59421,45.77908],[-116.54809,45.752364],[-116.535698,45.734231],[-116.538014,45.714929],[-116.535396,45.691734],[-116.528272,45.681473],[-116.510938,45.668114],[-116.48912,45.65114],[-116.471504,45.628467],[-116.463504,45.615785],[-116.463635,45.602785],[-116.481208,45.580597],[-116.553473,45.499107],[-116.673793,45.321511],[-116.691197,45.269245],[-116.696047,45.254679],[-116.709536,45.203015],[-116.729607,45.142091],[-116.783902,45.079022],[-116.845369,45.017059],[-116.858277,44.978008],[-116.850737,44.958113],[-116.844653,44.949338],[-116.835702,44.940633],[-116.83199,44.933007],[-116.852427,44.887577],[-116.891463,44.840531],[-116.931499,44.792281],[-117.016216,44.755572],[-117.03827,44.748179],[-117.044217,44.74514],[-117.062273,44.727143],[-117.095868,44.664737],[-117.1159,44.623339],[-117.144161,44.545647],[-117.149242,44.536151],[-117.156489,44.528312],[-117.208454,44.485928],[-117.214889,44.466901],[-117.189769,44.336585],[-117.191546,44.329621],[-117.194827,44.31054],[-117.196597,44.30228],[-117.197506,44.29728],[-117.197777,44.295789],[-117.196597,44.287529],[-117.190107,44.273958],[-117.170342,44.25889],[-117.041144,44.243653],[-117.03317,44.248192],[-117.027558,44.248881],[-116.98687,44.245477],[-116.975905,44.242844],[-116.902752,44.179467],[-116.895757,44.171267],[-116.894083,44.160191],[-116.895931,44.154295],[-116.897145,44.152537],[-116.931719,44.102474],[-116.935301,43.988616],[-116.961535,43.918388],[-116.979186,43.879973],[-116.982482,43.872799],[-116.996504,43.864714],[-117.026634,43.808104],[-117.026651,43.733935],[-117.026841,43.732905],[-117.026725,43.714815],[-117.026825,43.706193],[-117.026586,43.683001],[-117.026623,43.680865],[-117.026717,43.675523],[-117.026661,43.664385],[-117.026705,43.631659],[-117.026905,43.62488],[-117.027001,43.621032],[-117.026937,43.617614],[-117.026789,43.610669],[-117.02676,43.601912],[-117.026824,43.600357],[-117.026889,43.596033],[-117.026922,43.593632],[-117.026774,43.578674],[-117.026746,43.577526],[-117.026652,43.025128],[-117.026683,43.024876],[-117.026253,42.807447],[-117.026303,42.80717],[-117.026331,42.807015],[-117.026222,42.000252],[-118.197189,41.996995],[-118.775869,41.992692],[-118.777228,41.992671],[-119.324182,41.994278],[-119.360177,41.994384],[-119.790087,41.997544],[-119.986678,41.995842],[-119.999168,41.99454],[-120.286424,41.993058],[-120.326005,41.993122],[-120.692219,41.993677],[-120.693941,41.993676],[-120.879481,41.993781],[-121.035195,41.993323],[-121.154347,41.996352],[-121.334385,41.996655],[-121.335734,41.996518],[-121.340517,41.99622],[-121.360253,41.99668],[-121.376101,41.997026],[-121.434977,41.997022],[-121.43961,41.99708],[-121.44754,41.997169],[-121.52025,41.997983],[-121.580865,41.998668],[-121.675348,42.000351],[-121.689159,42.000584],[-121.705045,42.000766],[-121.708199,42.000815],[-122.001119,42.004017],[-122.155408,42.007429],[-122.156666,42.007384],[-122.160438,42.007637],[-122.161328,42.007637],[-122.289527,42.007764],[-122.289533,42.007764],[-122.378193,42.009518],[-122.501135,42.00846],[-122.634739,42.004858],[-123.001152,42.003],[-123.045254,42.003049],[-123.154908,42.008036],[-123.230762,42.003845],[-123.230764,42.003845],[-123.347562,41.999108],[-123.49883,42.000525],[-123.498896,42.000474],[-123.501997,42.000527],[-123.518075,42.000436],[-123.624554,41.999837],[-123.821472,41.995473],[-124.086661,41.996869],[-124.087827,41.996891],[-124.100216,41.996842],[-124.100921,41.996956],[-124.211605,41.99846],[-124.214213,42.005939],[-124.270464,42.045553],[-124.287374,42.046016],[-124.299649,42.051736],[-124.314289,42.067864],[-124.34101,42.092929],[-124.356229,42.114952],[-124.357122,42.118016],[-124.351535,42.129796],[-124.351784,42.134965],[-124.355696,42.141964],[-124.361563,42.143767],[-124.366028,42.152343],[-124.366832,42.15845],[-124.363389,42.158588],[-124.360318,42.162272],[-124.361009,42.180752],[-124.367751,42.188321],[-124.373175,42.190218],[-124.374949,42.193129],[-124.376215,42.196381],[-124.375553,42.20882],[-124.377762,42.218809],[-124.383633,42.22716],[-124.410982,42.250547],[-124.411534,42.254115],[-124.408514,42.260588],[-124.405148,42.278107],[-124.410556,42.307431],[-124.429288,42.331746],[-124.427222,42.33488],[-124.425554,42.351874],[-124.424066,42.377242],[-124.424863,42.395426],[-124.428068,42.420333],[-124.434882,42.434916],[-124.435105,42.440163],[-124.422038,42.461226],[-124.423084,42.478952],[-124.421381,42.491737],[-124.399065,42.539928],[-124.390664,42.566593],[-124.389977,42.574758],[-124.400918,42.597518],[-124.399421,42.618079],[-124.401177,42.627192],[-124.413119,42.657934],[-124.416774,42.661594],[-124.45074,42.675798],[-124.451484,42.677787],[-124.447487,42.68474],[-124.448418,42.689909],[-124.473864,42.732671],[-124.491679,42.741789],[-124.498473,42.741077],[-124.499122,42.738606],[-124.510017,42.734746],[-124.513368,42.735068],[-124.514669,42.736806],[-124.516236,42.753632],[-124.524439,42.789793],[-124.536073,42.814175],[-124.544179,42.822958],[-124.552441,42.840568],[-124.500141,42.917502],[-124.480938,42.951495],[-124.479344,42.95497],[-124.462619,42.99143],[-124.456918,43.000315],[-124.436198,43.071312],[-124.432236,43.097383],[-124.434451,43.115986],[-124.424113,43.126859],[-124.401726,43.184896],[-124.395302,43.211101],[-124.395607,43.223908],[-124.38246,43.270167],[-124.388891,43.290523],[-124.393988,43.29926],[-124.400404,43.302121],[-124.402814,43.305872],[-124.387642,43.325968],[-124.373037,43.338953],[-124.353332,43.342667],[-124.341587,43.351337],[-124.315012,43.388389],[-124.286896,43.436296],[-124.255609,43.502172],[-124.233534,43.55713],[-124.218876,43.610319],[-124.203028,43.667825],[-124.204888,43.673976],[-124.198275,43.689481],[-124.193455,43.706085],[-124.168392,43.808903],[-124.158684,43.863504],[-124.150267,43.91085],[-124.142704,43.958182],[-124.133547,44.035845],[-124.122406,44.104442],[-124.125824,44.12613],[-124.117006,44.171913],[-124.114424,44.198164],[-124.115671,44.206554],[-124.111054,44.235071],[-124.108945,44.265475],[-124.109744,44.270597],[-124.114869,44.272721],[-124.115953,44.274641],[-124.115849,44.276277],[-124.1152,44.286486],[-124.10907,44.303707],[-124.108088,44.309926],[-124.109556,44.314545],[-124.100587,44.331926],[-124.092101,44.370388],[-124.084401,44.415611],[-124.080989,44.419728],[-124.071706,44.423662],[-124.067569,44.428582],[-124.073941,44.434481],[-124.079301,44.430863],[-124.082113,44.441518],[-124.082061,44.478171],[-124.084429,44.486927],[-124.083601,44.501123],[-124.076387,44.531214],[-124.067251,44.60804],[-124.06914,44.612979],[-124.082326,44.608861],[-124.084476,44.611056],[-124.065202,44.622445],[-124.065008,44.632504],[-124.058281,44.658866],[-124.060043,44.669361],[-124.070394,44.683514],[-124.063406,44.703177],[-124.059077,44.737656],[-124.066325,44.762671],[-124.075473,44.771403],[-124.074066,44.798107],[-124.066746,44.831191],[-124.063155,44.835333],[-124.054151,44.838233],[-124.048814,44.850007],[-124.032296,44.900809],[-124.025136,44.928175],[-124.025678,44.936542],[-124.023834,44.949825],[-124.015243,44.982904],[-124.004598,45.044959],[-124.004386,45.046197],[-124.004668,45.048167],[-124.00977,45.047266],[-124.017991,45.049808],[-124.015851,45.064759],[-124.012163,45.076921],[-124.006057,45.084736],[-124.004863,45.084232],[-123.989529,45.094045],[-123.975425,45.145476],[-123.968187,45.201217],[-123.972919,45.216784],[-123.962887,45.280218],[-123.964169,45.317026],[-123.972899,45.33689],[-123.978671,45.338854],[-124.007756,45.336813],[-124.007494,45.33974],[-123.979715,45.347724],[-123.973398,45.354791],[-123.965728,45.386242],[-123.960557,45.430778],[-123.964074,45.449112],[-123.972953,45.467513],[-123.976544,45.489733],[-123.970794,45.493507],[-123.96634,45.493417],[-123.957568,45.510399],[-123.947556,45.564878],[-123.956711,45.571303],[-123.951246,45.585775],[-123.939005,45.661923],[-123.939448,45.708795],[-123.943121,45.727031],[-123.946027,45.733249],[-123.968563,45.757019],[-123.982578,45.761815],[-123.981864,45.768285],[-123.969459,45.782371],[-123.96934,45.783197],[-123.961544,45.837101],[-123.962736,45.869974],[-123.96763,45.907807],[-123.979501,45.930389],[-123.99304,45.938842],[-123.993703,45.946431],[-123.969991,45.969139],[-123.957438,45.974469],[-123.941831,45.97566],[-123.937471,45.977306],[-123.927891,46.009564],[-123.92933,46.041978],[-123.933366,46.071672],[-123.947531,46.116131],[-123.95919,46.141675],[-123.974124,46.168798],[-123.996766,46.20399],[-124.010344,46.223514],[-124.024305,46.229256],[-124.011355,46.236223],[-124.001998,46.237316],[-123.998052,46.235327],[-123.988429,46.224132],[-123.990117,46.21763],[-123.987196,46.211521],[-123.982149,46.209662],[-123.961739,46.207916],[-123.950148,46.204097],[-123.927038,46.191617],[-123.912405,46.17945],[-123.9042,46.169293],[-123.891186,46.164778],[-123.854801,46.157342],[-123.842849,46.160529],[-123.841521,46.169824],[-123.863347,46.18235],[-123.866643,46.187674],[-123.864209,46.189527],[-123.838801,46.192211],[-123.821834,46.190293],[-123.793936,46.196283],[-123.759976,46.2073],[-123.736747,46.200687],[-123.71278,46.198751],[-123.706667,46.199665],[-123.67538,46.212401],[-123.673831,46.215418],[-123.666751,46.218228],[-123.65539,46.217974],[-123.636474,46.214359],[-123.6325,46.216681],[-123.626247,46.226434],[-123.625219,46.233868],[-123.622812,46.23664],[-123.613459,46.239228],[-123.605487,46.2393],[-123.60019,46.234814],[-123.586205,46.228654],[-123.548194,46.248245],[-123.547659,46.259109],[-123.484244,46.269531],[-123.474844,46.267831],[-123.468743,46.264531],[-123.447592,46.249832],[-123.427629,46.229348],[-123.430847,46.181827],[-123.371433,46.146372],[-123.363638,46.146241],[-123.280166,46.144843],[-123.213054,46.172541],[-123.166414,46.188973],[-123.115904,46.185268],[-122.904119,46.083734],[-122.884478,46.06028],[-122.813998,45.960984],[-122.785026,45.867699],[-122.785515,45.850536],[-122.795963,45.825024],[-122.795605,45.81],[-122.769532,45.780583],[-122.761451,45.759163],[-122.760108,45.734413],[-122.762182,45.728598],[-122.772511,45.699637],[-122.774511,45.680437],[-122.76381,45.657138],[-122.738109,45.644138],[-122.675008,45.618039],[-122.643907,45.609739],[-122.492259,45.583281],[-122.380302,45.575941],[-122.352802,45.569441],[-122.331502,45.548241],[-122.294901,45.543541],[-122.266701,45.543841],[-122.248993,45.547745],[-122.2017,45.564141],[-122.183695,45.577696],[-122.14075,45.584508],[-122.129548,45.582945],[-122.12949,45.582967],[-122.126197,45.582573],[-122.126197,45.582617],[-122.112356,45.581409],[-122.101675,45.583516],[-121.983038,45.622812],[-121.922242,45.648495],[-121.908267,45.654399]]],"type":"Polygon"}},{"_id":"washington","type":"Feature","properties":{"name":"Washington","abbreviation":"WA","capital":"Olympia","city":"Seattle","population":6971406,"area":184661,"waterarea":12541,"landarea":172120,"houseseats":10,"statehood":"1889-11-11","group":"US States"},"geometry":{"coordinates":[[[[-122.397349,47.912401],[-122.419274,47.912125],[-122.431035,47.914732],[-122.445519,47.930226],[-122.445759,47.93619],[-122.44079,47.946594],[-122.44076,47.951845],[-122.446682,47.963155],[-122.47266,47.988449],[-122.487505,47.990729],[-122.501257,47.987089],[-122.514813,47.981152],[-122.51778,47.974916],[-122.521219,47.972997],[-122.546824,47.967215],[-122.552053,47.973644],[-122.551032,47.977346],[-122.543063,47.985983],[-122.541564,47.992998],[-122.542924,47.996404],[-122.560018,48.006502],[-122.58178,48.010386],[-122.607342,48.030992],[-122.596786,48.038834],[-122.593621,48.0472],[-122.594922,48.056318],[-122.614028,48.072788],[-122.613217,48.079485],[-122.607291,48.088034],[-122.598301,48.110616],[-122.602109,48.135249],[-122.609568,48.15186],[-122.617464,48.159055],[-122.633167,48.163281],[-122.65602,48.162513],[-122.671235,48.157312],[-122.677337,48.154587],[-122.679556,48.155113],[-122.686626,48.174653],[-122.693084,48.181509],[-122.711508,48.193573],[-122.73503,48.199964],[-122.744612,48.20965],[-122.763042,48.215342],[-122.770045,48.224395],[-122.769939,48.227548],[-122.752563,48.260061],[-122.732022,48.279425],[-122.72259,48.304268],[-122.707077,48.315286],[-122.673731,48.354683],[-122.664928,48.374823],[-122.664659,48.401508],[-122.644798,48.405488],[-122.634991,48.404244],[-122.632643,48.401068],[-122.634024,48.398858],[-122.637339,48.398029],[-122.637892,48.395681],[-122.63582,48.395128],[-122.627809,48.3972],[-122.617174,48.407145],[-122.609715,48.411565],[-122.60198,48.409907],[-122.596732,48.405626],[-122.595351,48.3972],[-122.585038,48.395166],[-122.588891,48.363005],[-122.585162,48.353304],[-122.565525,48.348217],[-122.551334,48.342138],[-122.515979,48.320419],[-122.506568,48.310041],[-122.504729,48.300373],[-122.505828,48.297677],[-122.519535,48.288314],[-122.522756,48.285504],[-122.530976,48.282445],[-122.551793,48.281512],[-122.558332,48.282061],[-122.574872,48.294903],[-122.584086,48.297987],[-122.599532,48.298303],[-122.618466,48.294159],[-122.626757,48.288991],[-122.620748,48.282961],[-122.623779,48.269431],[-122.652639,48.265081],[-122.65343,48.25934],[-122.66921,48.240614],[-122.668385,48.223967],[-122.63126,48.220686],[-122.628352,48.222467],[-122.606406,48.208262],[-122.588138,48.18594],[-122.585778,48.182352],[-122.582595,48.170424],[-122.574905,48.155593],[-122.567936,48.148624],[-122.558205,48.119579],[-122.559911,48.114186],[-122.571615,48.105113],[-122.571853,48.102143],[-122.554559,48.077392],[-122.54512,48.05255],[-122.538953,48.050232],[-122.516314,48.057181],[-122.513994,48.059077],[-122.511081,48.075301],[-122.516906,48.081085],[-122.525422,48.096537],[-122.513276,48.097538],[-122.491104,48.094242],[-122.461606,48.068501],[-122.448419,48.054323],[-122.431266,48.045001],[-122.400628,48.036563],[-122.387382,48.03403],[-122.376259,48.034457],[-122.373263,48.000791],[-122.369161,47.995295],[-122.353611,47.981433],[-122.350254,47.969355],[-122.349597,47.958796],[-122.350741,47.953235],[-122.358812,47.93742],[-122.367876,47.932415],[-122.376837,47.923703],[-122.37578,47.910252],[-122.3773,47.905941],[-122.380497,47.904023],[-122.39042,47.905696],[-122.397349,47.912401]]],[[[-122.649405,48.588457],[-122.642597,48.588339],[-122.629321,48.5722],[-122.610841,48.561146],[-122.592901,48.553635],[-122.583985,48.551534],[-122.578856,48.54813],[-122.572967,48.529028],[-122.583565,48.53234],[-122.590194,48.536259],[-122.599948,48.536904],[-122.619858,48.529246],[-122.635738,48.526021],[-122.640414,48.52586],[-122.649256,48.528769],[-122.652041,48.531329],[-122.654342,48.537956],[-122.653612,48.548975],[-122.650786,48.554019],[-122.652385,48.583432],[-122.649405,48.588457]]],[[[-122.714512,48.60878],[-122.694672,48.596602],[-122.691745,48.590612],[-122.670638,48.568812],[-122.68944,48.543903],[-122.717278,48.539739],[-122.722407,48.540606],[-122.724031,48.549906],[-122.73048,48.565602],[-122.736199,48.569005],[-122.73944,48.573893],[-122.739898,48.583949],[-122.72493,48.603263],[-122.714512,48.60878]]],[[[-122.699266,48.621115],[-122.69806,48.62308],[-122.674173,48.629944],[-122.657016,48.609891],[-122.666149,48.608088],[-122.676796,48.610055],[-122.686136,48.613267],[-122.699266,48.621115]]],[[[-122.800217,48.60169],[-122.804869,48.595932],[-122.801096,48.585425],[-122.786586,48.576666],[-122.771206,48.562426],[-122.770349,48.558106],[-122.772384,48.552143],[-122.782618,48.545191],[-122.788503,48.530393],[-122.787347,48.523012],[-122.777467,48.517799],[-122.779124,48.508911],[-122.800414,48.494467],[-122.816332,48.487841],[-122.817912,48.483888],[-122.81973,48.458843],[-122.8131,48.452856],[-122.807708,48.444058],[-122.802509,48.433098],[-122.803521,48.428748],[-122.812208,48.422326],[-122.825803,48.424131],[-122.874135,48.418196],[-122.883759,48.418793],[-122.893646,48.422655],[-122.889016,48.435947],[-122.903214,48.436979],[-122.913888,48.443231],[-122.917771,48.439781],[-122.928004,48.439966],[-122.91646,48.453263],[-122.920099,48.458428],[-122.926901,48.460874],[-122.937881,48.456221],[-122.962009,48.451161],[-123.039156,48.460003],[-123.058154,48.471522],[-123.067675,48.479497],[-123.119451,48.492576],[-123.141478,48.505291],[-123.151065,48.513955],[-123.163234,48.529544],[-123.164057,48.535622],[-123.161853,48.539255],[-123.16147,48.547618],[-123.172412,48.556486],[-123.176266,48.562131],[-123.175852,48.568483],[-123.171958,48.572255],[-123.173061,48.579086],[-123.184941,48.58697],[-123.197754,48.586216],[-123.20268,48.590214],[-123.203026,48.596178],[-123.195725,48.607055],[-123.178425,48.622115],[-123.151643,48.623686],[-123.139705,48.622786],[-123.135645,48.620171],[-123.107362,48.622451],[-123.098462,48.612834],[-123.098254,48.610092],[-123.102074,48.604035],[-123.101552,48.59782],[-123.074611,48.591816],[-123.06004,48.582105],[-123.048403,48.569216],[-123.033669,48.563409],[-123.015046,48.560821],[-122.987296,48.561895],[-122.98611,48.569984],[-122.989649,48.574668],[-122.995026,48.578162],[-123.0048,48.580788],[-123.016647,48.580244],[-123.034101,48.591767],[-123.024902,48.594484],[-123.023433,48.599477],[-123.041189,48.611947],[-123.04653,48.61149],[-123.048652,48.621002],[-123.023495,48.634001],[-123.015592,48.642567],[-123.014829,48.647503],[-123.009924,48.655064],[-122.988884,48.667246],[-122.984853,48.672686],[-122.949116,48.693398],[-122.941316,48.702904],[-122.942367,48.706723],[-122.918252,48.713505],[-122.894599,48.71503],[-122.875938,48.71212],[-122.833124,48.698173],[-122.802545,48.682682],[-122.800267,48.67962],[-122.743049,48.661991],[-122.742082,48.660689],[-122.755031,48.649512],[-122.783875,48.635419],[-122.792147,48.633502],[-122.809622,48.619035],[-122.808864,48.61531],[-122.79901,48.604683],[-122.79877,48.602352],[-122.800217,48.60169]]],[[[-123.197953,48.68466],[-123.186076,48.684917],[-123.172066,48.679866],[-123.14799,48.668001],[-123.130962,48.656789],[-123.122016,48.647065],[-123.106165,48.633473],[-123.119677,48.632972],[-123.134956,48.63724],[-123.215917,48.669352],[-123.237148,48.683466],[-123.236567,48.68895],[-123.212892,48.689713],[-123.197953,48.68466]]],[[[-123.025486,48.717966],[-123.019699,48.721312],[-123.009787,48.722291],[-123.007511,48.718863],[-123.005086,48.694342],[-123.014449,48.684978],[-123.021215,48.681416],[-123.042337,48.675663],[-123.041645,48.678633],[-123.035672,48.68535],[-123.03636,48.69008],[-123.047058,48.695772],[-123.070427,48.699971],[-123.040179,48.717296],[-123.025486,48.717966]]],[[[-122.321721,48.019977],[-122.303455,48.005603],[-122.306629,48.004397],[-122.326115,48.010295],[-122.334524,48.018916],[-122.328343,48.021335],[-122.321721,48.019977]]],[[[-123.035393,49.002154],[-123.021459,48.977299],[-123.028091,48.973943],[-123.040967,48.977305],[-123.060717,48.975388],[-123.083834,48.976139],[-123.084498,48.986535],[-123.090546,49.001976],[-123.035393,49.002154]]],[[[-122.695907,48.737273],[-122.668947,48.706644],[-122.663259,48.697077],[-122.644901,48.691389],[-122.618225,48.670721],[-122.609576,48.645018],[-122.616956,48.645563],[-122.635299,48.651846],[-122.673538,48.680809],[-122.691795,48.711498],[-122.702223,48.717004],[-122.718833,48.716818],[-122.721981,48.723375],[-122.722262,48.731624],[-122.715709,48.748672],[-122.70306,48.743602],[-122.695907,48.737273]]],[[[-122.418268,47.320614],[-122.364168,47.335953],[-122.336934,47.341421],[-122.324833,47.348521],[-122.325734,47.391521],[-122.328434,47.400621],[-122.335234,47.408421],[-122.348035,47.415921],[-122.355135,47.441921],[-122.367036,47.447621],[-122.383136,47.450521],[-122.368036,47.459221],[-122.363062,47.475702],[-122.361336,47.481421],[-122.365236,47.48842],[-122.386637,47.50222],[-122.396538,47.51522],[-122.393938,47.52482],[-122.398338,47.55012],[-122.409839,47.56892],[-122.421139,47.57602],[-122.401839,47.58392],[-122.387139,47.59572],[-122.375421,47.585181],[-122.370167,47.583087],[-122.358238,47.58482],[-122.342937,47.59122],[-122.339513,47.599113],[-122.344937,47.60912],[-122.367819,47.624213],[-122.386039,47.63172],[-122.393739,47.63102],[-122.40424,47.63392],[-122.414645,47.639766],[-122.429841,47.658919],[-122.407841,47.680119],[-122.403841,47.689419],[-122.393248,47.701602],[-122.38044,47.709119],[-122.37644,47.716519],[-122.375607,47.719724],[-122.37314,47.729219],[-122.382641,47.749119],[-122.380241,47.758519],[-122.394442,47.772219],[-122.396422,47.777927],[-122.397043,47.779719],[-122.394944,47.803318],[-122.392044,47.807718],[-122.353244,47.840618],[-122.346544,47.842418],[-122.339944,47.846718],[-122.33595,47.852306],[-122.329545,47.869418],[-122.330145,47.875318],[-122.333543,47.880246],[-122.328546,47.897917],[-122.321847,47.911817],[-122.311927,47.923703],[-122.310747,47.925117],[-122.309747,47.929117],[-122.311148,47.936717],[-122.307048,47.949117],[-122.278047,47.956517],[-122.249007,47.959507],[-122.230046,47.970917],[-122.226346,47.976417],[-122.232391,47.987713],[-122.23022,48.007154],[-122.228767,48.012468],[-122.224979,48.016626],[-122.231761,48.029876],[-122.281087,48.049793],[-122.305838,48.073415],[-122.321709,48.085507],[-122.326119,48.092877],[-122.343241,48.097631],[-122.363842,48.12393],[-122.365078,48.125822],[-122.363797,48.142759],[-122.364744,48.151304],[-122.370253,48.164809],[-122.363479,48.174438],[-122.362044,48.187568],[-122.372492,48.193022],[-122.382102,48.207106],[-122.385703,48.217811],[-122.395499,48.228551],[-122.396121,48.229233],[-122.425572,48.232887],[-122.430578,48.236237],[-122.433767,48.23655],[-122.449605,48.232598],[-122.45371,48.228859],[-122.453618,48.22683],[-122.449513,48.214736],[-122.444508,48.214522],[-122.441731,48.211776],[-122.442051,48.20935],[-122.45493,48.196639],[-122.461888,48.193137],[-122.464801,48.194767],[-122.47025,48.194007],[-122.478535,48.188087],[-122.479008,48.175703],[-122.475803,48.166792],[-122.442383,48.130841],[-122.411649,48.11321],[-122.379481,48.087384],[-122.360345,48.061527],[-122.358375,48.056133],[-122.363107,48.054546],[-122.377114,48.057568],[-122.38769,48.065189],[-122.390787,48.069477],[-122.393413,48.078472],[-122.400692,48.085255],[-122.423703,48.102941],[-122.44966,48.114041],[-122.4675,48.130353],[-122.477983,48.129048],[-122.486736,48.12095],[-122.489986,48.120617],[-122.512031,48.133931],[-122.522576,48.161712],[-122.53722,48.183745],[-122.538916,48.209683],[-122.534431,48.223005],[-122.535209,48.240213],[-122.530996,48.249821],[-122.503786,48.257045],[-122.499648,48.256611],[-122.497727,48.253389],[-122.493448,48.252043],[-122.480925,48.251706],[-122.474494,48.255227],[-122.466803,48.269604],[-122.463962,48.270541],[-122.406516,48.25183],[-122.405757,48.252193],[-122.395328,48.257187],[-122.392058,48.269628],[-122.371693,48.287839],[-122.376818,48.296099],[-122.37821,48.29759],[-122.38431,48.304123],[-122.408718,48.326413],[-122.424102,48.334346],[-122.442678,48.337934],[-122.475529,48.359912],[-122.482423,48.361737],[-122.497686,48.361837],[-122.507437,48.364666],[-122.533452,48.383409],[-122.539449,48.39719],[-122.547492,48.399889],[-122.554536,48.40604],[-122.558403,48.426758],[-122.551221,48.439465],[-122.557298,48.444438],[-122.568348,48.44499],[-122.575254,48.443333],[-122.581607,48.429244],[-122.61448,48.41488],[-122.649839,48.408526],[-122.665338,48.416453],[-122.674158,48.424726],[-122.678928,48.439466],[-122.677072,48.444059],[-122.674188,48.443327],[-122.674085,48.441979],[-122.667249,48.442503],[-122.654844,48.454087],[-122.657753,48.47294],[-122.664623,48.478128],[-122.689121,48.476849],[-122.695725,48.464785],[-122.695587,48.460558],[-122.700603,48.457632],[-122.710362,48.461584],[-122.712322,48.464143],[-122.712981,48.47879],[-122.701644,48.497622],[-122.684521,48.509123],[-122.679122,48.507797],[-122.676922,48.504484],[-122.671386,48.50398],[-122.615183,48.521427],[-122.606961,48.522152],[-122.599951,48.520946],[-122.598469,48.512169],[-122.568071,48.50821],[-122.556834,48.498812],[-122.537355,48.466749],[-122.532845,48.466057],[-122.526943,48.468004],[-122.515056,48.465554],[-122.511348,48.461825],[-122.500721,48.460887],[-122.471832,48.470724],[-122.469634,48.472187],[-122.46967,48.474975],[-122.473763,48.47975],[-122.478851,48.481736],[-122.483501,48.49243],[-122.484996,48.50962],[-122.483872,48.521891],[-122.485288,48.528106],[-122.498463,48.556206],[-122.504428,48.564775],[-122.52537,48.567344],[-122.531978,48.568644],[-122.534719,48.574246],[-122.534787,48.57596],[-122.512372,48.578067],[-122.495904,48.575927],[-122.488421,48.564665],[-122.482406,48.559653],[-122.478431,48.559303],[-122.44456,48.570115],[-122.433059,48.581609],[-122.425271,48.599522],[-122.448702,48.622624],[-122.46425,48.625717],[-122.486878,48.643122],[-122.488754,48.645358],[-122.49399,48.651596],[-122.500308,48.656163],[-122.506718,48.669692],[-122.519172,48.713095],[-122.515511,48.720992],[-122.505684,48.724524],[-122.495301,48.737328],[-122.490401,48.751128],[-122.510902,48.757728],[-122.528203,48.768428],[-122.535803,48.776128],[-122.567498,48.779185],[-122.596844,48.771492],[-122.598033,48.769489],[-122.606787,48.759143],[-122.627808,48.74466],[-122.637146,48.735708],[-122.638082,48.732486],[-122.626287,48.72093],[-122.612562,48.714932],[-122.605733,48.701066],[-122.606105,48.698556],[-122.615169,48.693839],[-122.620338,48.693651],[-122.630422,48.696625],[-122.646323,48.708001],[-122.673472,48.733082],[-122.666953,48.748445],[-122.661111,48.753962],[-122.647443,48.773998],[-122.645743,48.781538],[-122.646777,48.785011],[-122.656528,48.784969],[-122.659708,48.786523],[-122.680246,48.80275],[-122.693683,48.804475],[-122.697219,48.80281],[-122.698675,48.800522],[-122.699507,48.794906],[-122.699303,48.789063],[-122.703106,48.786321],[-122.709815,48.786205],[-122.7112,48.79146],[-122.709169,48.817829],[-122.711805,48.832408],[-122.717073,48.84719],[-122.722685,48.852855],[-122.785659,48.885066],[-122.793175,48.892927],[-122.792584,48.894732],[-122.783747,48.894639],[-122.751289,48.911239],[-122.747514,48.915582],[-122.745371,48.921227],[-122.746596,48.930731],[-122.755624,48.93866],[-122.766096,48.941955],[-122.770432,48.942528],[-122.787539,48.931702],[-122.818232,48.939062],[-122.821631,48.941369],[-122.822464,48.944911],[-122.817226,48.95597],[-122.796887,48.975026],[-122.774276,48.991038],[-122.766307,48.991672],[-122.756318,48.996881],[-122.756037,48.999512],[-122.75802,49.002357],[-122.407829,49.002193],[-122.405989,49.002239],[-122.098357,49.002146],[-121.751252,48.997399],[-121.12624,49.001412],[-120.851202,49.001191],[-119.702016,49.000269],[-119.701218,49.000258],[-119.4577,49.000261],[-119.428678,49.000253],[-119.137274,49.000297],[-119.132102,49.000262],[-118.836794,49.000209],[-118.196891,49.000094],[-117.429539,48.999957],[-117.268192,48.999928],[-117.268247,48.999818],[-117.032351,48.999188],[-117.033177,48.846563],[-117.034358,48.628523],[-117.034499,48.620769],[-117.035285,48.430113],[-117.035285,48.429816],[-117.035254,48.423144],[-117.035289,48.422732],[-117.035178,48.371221],[-117.035178,48.370878],[-117.039599,48.184387],[-117.039615,48.184015],[-117.039582,48.181124],[-117.039582,48.180853],[-117.039583,48.180313],[-117.039618,48.178142],[-117.039413,48.17725],[-117.039552,48.17396],[-117.041401,48.0855],[-117.041676,48.04556],[-117.041874,47.977387],[-117.042485,47.766525],[-117.042521,47.764896],[-117.042623,47.761223],[-117.042657,47.760857],[-117.042059,47.7451],[-117.042135,47.7441],[-117.041678,47.72271],[-117.041633,47.7064],[-117.041532,47.683194],[-117.041431,47.68],[-117.041431,47.678185],[-117.041431,47.67814],[-117.041174,47.55853],[-117.041276,47.55821],[-117.040745,47.532909],[-117.040545,47.527562],[-117.040514,47.522351],[-117.039945,47.477823],[-117.039971,47.463309],[-117.039948,47.434885],[-117.03995,47.412412],[-117.039882,47.399085],[-117.039857,47.366093],[-117.039843,47.347201],[-117.040019,47.259272],[-117.039899,47.225515],[-117.039888,47.203282],[-117.039871,47.181858],[-117.039836,47.154734],[-117.039821,47.127265],[-117.039657,46.825798],[-117.039828,46.815443],[-117.039783,46.541785],[-117.039771,46.471779],[-117.039763,46.46957],[-117.039741,46.462704],[-117.039813,46.425425],[-117.046915,46.379577],[-117.061045,46.367747],[-117.047469,46.342884],[-116.987939,46.298031],[-116.985333,46.294617],[-116.958801,46.24232],[-116.925621,46.158888],[-116.94353,46.062173],[-116.915989,45.995413],[-117.212616,45.998321],[-117.214534,45.99832],[-117.216731,45.998356],[-117.475148,45.997893],[-117.47536,45.997855],[-117.480103,45.99787],[-117.48013,45.99787],[-117.504833,45.998317],[-117.603163,45.998887],[-117.977766,46.000695],[-117.996911,46.000787],[-118.126197,46.000282],[-118.131019,46.00028],[-118.228941,46.000421],[-118.236584,46.000418],[-118.25253,46.000459],[-118.256368,46.000439],[-118.314982,46.000453],[-118.36779,46.000622],[-118.37836,46.000574],[-118.470756,46.000632],[-118.497027,46.00062],[-118.537119,46.00084],[-118.569392,46.000773],[-118.57571,46.000718],[-118.579906,46.000818],[-118.637725,46.00097],[-118.639332,46.000994],[-118.658717,46.000955],[-118.67787,46.000935],[-118.987129,45.999855],[-119.008558,45.97927],[-119.027056,45.969134],[-119.093221,45.942745],[-119.12612,45.932859],[-119.169496,45.927603],[-119.19553,45.92787],[-119.225745,45.932725],[-119.25715,45.939926],[-119.322509,45.933183],[-119.37613,45.920974],[-119.432067,45.913629],[-119.487829,45.906307],[-119.524632,45.908605],[-119.571584,45.925456],[-119.600549,45.919581],[-119.623393,45.905639],[-119.669877,45.856867],[-119.772927,45.845578],[-119.802655,45.84753],[-119.868135,45.835962],[-119.999506,45.812199],[-120.001148,45.811902],[-120.141352,45.773152],[-120.170453,45.761951],[-120.210754,45.725951],[-120.40396,45.699249],[-120.482362,45.694449],[-120.505863,45.700048],[-120.521964,45.709848],[-120.559465,45.738348],[-120.591166,45.746547],[-120.634968,45.745847],[-120.653559,45.737237],[-120.668869,45.730147],[-120.68937,45.715847],[-120.788872,45.686246],[-120.855674,45.671545],[-120.870042,45.661242],[-120.915876,45.641345],[-120.943977,45.656445],[-121.06437,45.652549],[-121.086675,45.646667],[-121.195233,45.629513],[-121.200367,45.649829],[-121.215779,45.671238],[-121.312198,45.699925],[-121.33777,45.704949],[-121.372574,45.703111],[-121.401739,45.692887],[-121.423592,45.69399],[-121.441045,45.69727],[-121.462849,45.701367],[-121.522392,45.724677],[-121.533106,45.726541],[-121.626185,45.705915],[-121.707358,45.694809],[-121.735104,45.694039],[-121.811304,45.706761],[-121.820055,45.704649],[-121.867167,45.693277],[-121.901855,45.670716],[-121.900858,45.662009],[-121.908267,45.654399],[-121.922242,45.648495],[-121.983038,45.622812],[-122.101675,45.583516],[-122.112356,45.581409],[-122.126197,45.582617],[-122.126197,45.582573],[-122.12949,45.582967],[-122.129548,45.582945],[-122.14075,45.584508],[-122.183695,45.577696],[-122.2017,45.564141],[-122.248993,45.547745],[-122.266701,45.543841],[-122.294901,45.543541],[-122.331502,45.548241],[-122.352802,45.569441],[-122.380302,45.575941],[-122.492259,45.583281],[-122.643907,45.609739],[-122.675008,45.618039],[-122.738109,45.644138],[-122.76381,45.657138],[-122.774511,45.680437],[-122.772511,45.699637],[-122.762182,45.728598],[-122.760108,45.734413],[-122.761451,45.759163],[-122.769532,45.780583],[-122.795605,45.81],[-122.795963,45.825024],[-122.785515,45.850536],[-122.785026,45.867699],[-122.813998,45.960984],[-122.884478,46.06028],[-122.904119,46.083734],[-123.115904,46.185268],[-123.166414,46.188973],[-123.213054,46.172541],[-123.280166,46.144843],[-123.363638,46.146241],[-123.371433,46.146372],[-123.430847,46.181827],[-123.427629,46.229348],[-123.447592,46.249832],[-123.468743,46.264531],[-123.474844,46.267831],[-123.484244,46.269531],[-123.547659,46.259109],[-123.547636,46.265595],[-123.559923,46.265098],[-123.564405,46.262172],[-123.581642,46.260502],[-123.613544,46.259988],[-123.669501,46.266832],[-123.679125,46.272502],[-123.68008,46.277943],[-123.678069,46.286469],[-123.67876,46.290721],[-123.680574,46.296025],[-123.687763,46.299235],[-123.700764,46.305278],[-123.724273,46.301161],[-123.724038,46.295058],[-123.727913,46.289661],[-123.728585,46.288725],[-123.741478,46.290274],[-123.75956,46.275073],[-123.766682,46.273499],[-123.775054,46.274599],[-123.782654,46.280227],[-123.795556,46.284501],[-123.806139,46.283588],[-123.875525,46.239787],[-123.909306,46.245491],[-123.919581,46.251217],[-123.954353,46.277001],[-123.969427,46.291398],[-123.970912,46.293866],[-123.970355,46.299352],[-123.974509,46.303063],[-123.985204,46.309039],[-124.001264,46.31326],[-124.020551,46.315737],[-124.029924,46.308312],[-124.035599,46.296843],[-124.038797,46.283675],[-124.044018,46.275925],[-124.060961,46.278761],[-124.080671,46.267239],[-124.082187,46.269159],[-124.081729,46.274714],[-124.076262,46.296498],[-124.071384,46.305504],[-124.064624,46.326899],[-124.058351,46.386503],[-124.057425,46.409315],[-124.057024,46.493338],[-124.061953,46.556165],[-124.06842,46.601397],[-124.069583,46.630651],[-124.068655,46.634879],[-124.062715,46.642582],[-124.056476,46.645645],[-124.048444,46.645827],[-124.035874,46.630822],[-124.052708,46.622796],[-124.050842,46.617421],[-124.028799,46.59104],[-124.023566,46.582559],[-124.023148,46.564113],[-124.026019,46.531589],[-124.031737,46.496375],[-124.026032,46.462978],[-124.001271,46.459992],[-123.990615,46.463019],[-123.99087,46.465738],[-123.994181,46.468868],[-123.99268,46.488617],[-123.988386,46.497008],[-123.983688,46.498542],[-123.979053,46.497378],[-123.979213,46.489949],[-123.97083,46.47537],[-123.968044,46.473497],[-123.943667,46.477197],[-123.921192,46.507731],[-123.896703,46.522665],[-123.897242,46.52848],[-123.894254,46.537028],[-123.903321,46.55191],[-123.916902,46.562633],[-123.920247,46.567343],[-123.922332,46.577057],[-123.928861,46.588875],[-123.939139,46.596326],[-123.955556,46.60357],[-123.959175,46.613581],[-123.960642,46.636364],[-123.940616,46.640862],[-123.921913,46.650262],[-123.920916,46.653576],[-123.923269,46.672708],[-123.915596,46.678649],[-123.895601,46.683672],[-123.864902,46.698685],[-123.851356,46.70256],[-123.84621,46.716795],[-123.848725,46.719898],[-123.862149,46.727749],[-123.870782,46.728327],[-123.87668,46.730657],[-123.893054,46.750204],[-123.898641,46.750205],[-123.910716,46.746715],[-123.916371,46.741322],[-123.91584,46.737322],[-123.91285,46.730647],[-123.916874,46.726739],[-123.929073,46.725278],[-123.948683,46.725369],[-123.968564,46.736106],[-123.974994,46.733391],[-123.979655,46.724658],[-123.975157,46.713971],[-123.966886,46.705184],[-123.973663,46.703353],[-123.987521,46.707507],[-123.994242,46.707929],[-124.003458,46.702337],[-124.022413,46.708973],[-124.042478,46.72004],[-124.042111,46.722783],[-124.046399,46.725686],[-124.063117,46.733664],[-124.080983,46.735003],[-124.092176,46.741624],[-124.096515,46.746202],[-124.095041,46.756812],[-124.096655,46.784374],[-124.098359,46.794157],[-124.101232,46.810656],[-124.108078,46.836388],[-124.122979,46.879809],[-124.138225,46.905534],[-124.117712,46.91238],[-124.110641,46.91252],[-124.093392,46.901168],[-124.090422,46.8955],[-124.089286,46.867716],[-124.073113,46.861493],[-124.066349,46.863504],[-124.061051,46.865127],[-124.055085,46.870429],[-124.049279,46.891253],[-124.046344,46.893972],[-124.03624,46.898473],[-124.01366,46.90363],[-124.009519,46.910325],[-123.985082,46.921916],[-123.979378,46.923038],[-123.957493,46.921261],[-123.915256,46.932964],[-123.882884,46.939946],[-123.86018,46.948556],[-123.876136,46.961054],[-123.889402,46.968904],[-123.898245,46.971927],[-123.921617,46.971864],[-123.939214,46.969739],[-123.947996,46.971818],[-123.959185,46.981759],[-123.991612,46.980215],[-124.012218,46.985176],[-124.019727,46.991189],[-124.010068,46.997882],[-124.005248,47.003915],[-124.017035,47.011717],[-124.016999,47.014848],[-124.026345,47.030187],[-124.065856,47.04114],[-124.106378,47.04264],[-124.122057,47.04165],[-124.141517,47.035142],[-124.149043,47.029294],[-124.151288,47.021112],[-124.139733,46.98837],[-124.138035,46.970959],[-124.124386,46.94387],[-124.141267,46.940266],[-124.158624,46.929439],[-124.180111,46.926357],[-124.174503,46.941623],[-124.171161,46.958443],[-124.169113,46.994508],[-124.173501,47.06637],[-124.176745,47.092999],[-124.183833,47.124807],[-124.182802,47.134041],[-124.185806,47.136017],[-124.189725,47.146827],[-124.195893,47.174],[-124.209017,47.218151],[-124.236349,47.287287],[-124.242234,47.295101],[-124.25359,47.30248],[-124.257452,47.304059],[-124.271193,47.305025],[-124.286369,47.325162],[-124.293288,47.339309],[-124.299943,47.34836],[-124.307509,47.352268],[-124.319379,47.355559],[-124.324091,47.367602],[-124.32665,47.388759],[-124.336724,47.415996],[-124.345155,47.48903],[-124.353651,47.53361],[-124.355955,47.545698],[-124.359028,47.547616],[-124.366221,47.582439],[-124.371746,47.599575],[-124.374927,47.603891],[-124.382215,47.632302],[-124.395983,47.665534],[-124.412106,47.691199],[-124.420219,47.725294],[-124.425195,47.738434],[-124.430546,47.746249],[-124.453927,47.765334],[-124.471687,47.766907],[-124.47657,47.769671],[-124.482154,47.797454],[-124.489737,47.816988],[-124.497987,47.822605],[-124.50668,47.82391],[-124.51278,47.822518],[-124.539927,47.836967],[-124.558254,47.855979],[-124.559034,47.863085],[-124.562363,47.866216],[-124.588172,47.877878],[-124.609538,47.879996],[-124.610763,47.880607],[-124.625512,47.887963],[-124.630153,47.892467],[-124.629706,47.896968],[-124.645442,47.935338],[-124.651966,47.943177],[-124.662334,47.951451],[-124.672427,47.964414],[-124.67083,47.982366],[-124.679024,48.015697],[-124.682157,48.035987],[-124.685393,48.049238],[-124.688359,48.054927],[-124.693676,48.058697],[-124.696542,48.069274],[-124.695114,48.087096],[-124.688602,48.092466],[-124.687101,48.098657],[-124.695088,48.114878],[-124.721725,48.153185],[-124.731703,48.160402],[-124.733174,48.163393],[-124.731746,48.169997],[-124.704153,48.184422],[-124.696111,48.198599],[-124.6909,48.212617],[-124.690389,48.219745],[-124.705031,48.238774],[-124.70592,48.239894],[-124.699663,48.245812],[-124.684677,48.255228],[-124.680877,48.26535],[-124.676319,48.295143],[-124.669265,48.296353],[-124.665908,48.299324],[-124.662068,48.31045],[-124.65894,48.331057],[-124.670072,48.341341],[-124.696703,48.349748],[-124.713817,48.366309],[-124.727022,48.371101],[-124.730863,48.3762],[-124.731828,48.381157],[-124.725839,48.386012],[-124.716947,48.389776],[-124.694511,48.389004],[-124.653243,48.390691],[-124.639389,48.385524],[-124.631108,48.376522],[-124.611782,48.378182],[-124.599278,48.381035],[-124.597331,48.381882],[-124.590733,48.373604],[-124.572864,48.366228],[-124.564841,48.367921],[-124.546259,48.353594],[-124.538821,48.349893],[-124.525453,48.349022],[-124.510582,48.343236],[-124.414007,48.300887],[-124.395593,48.288772],[-124.380874,48.284699],[-124.361351,48.287582],[-124.342412,48.277695],[-124.299146,48.268239],[-124.295589,48.262983],[-124.296924,48.261796],[-124.297643,48.260676],[-124.295693,48.259282],[-124.272017,48.25441],[-124.265824,48.254842],[-124.255109,48.258972],[-124.252267,48.261004],[-124.250882,48.264773],[-124.238582,48.262471],[-124.217873,48.253294],[-124.192692,48.246316],[-124.14129,48.227413],[-124.110974,48.220557],[-124.101773,48.216883],[-124.107215,48.200082],[-124.090717,48.196458],[-124.072124,48.189903],[-124.050734,48.177747],[-123.981032,48.164761],[-123.955347,48.165455],[-123.934921,48.16084],[-123.915589,48.159352],[-123.880068,48.160621],[-123.866677,48.154796],[-123.858821,48.154273],[-123.831571,48.157937],[-123.778122,48.155466],[-123.756395,48.161057],[-123.728736,48.1628],[-123.72829,48.160858],[-123.725352,48.159191],[-123.71835,48.158713],[-123.706226,48.1634],[-123.706432,48.165822],[-123.702743,48.166783],[-123.672445,48.162715],[-123.651408,48.156952],[-123.636967,48.150319],[-123.641108,48.146127],[-123.628819,48.139279],[-123.590839,48.134949],[-123.574214,48.140756],[-123.560591,48.150697],[-123.551131,48.151382],[-123.534879,48.14578],[-123.52232,48.135539],[-123.507235,48.131807],[-123.473379,48.134079],[-123.455458,48.140047],[-123.440128,48.142014],[-123.439127,48.141278],[-123.441972,48.124259],[-123.424668,48.118065],[-123.395048,48.114243],[-123.360923,48.115864],[-123.332699,48.11297],[-123.314578,48.113725],[-123.288265,48.121036],[-123.280178,48.117309],[-123.268917,48.116094],[-123.248615,48.115745],[-123.239129,48.118217],[-123.21719,48.127203],[-123.191521,48.143821],[-123.1644,48.165894],[-123.144783,48.175943],[-123.133445,48.177276],[-123.132417,48.174704],[-123.139258,48.16648],[-123.143229,48.156633],[-123.131422,48.152736],[-123.124816,48.153472],[-123.116479,48.150208],[-123.085154,48.127137],[-123.06621,48.120469],[-123.050446,48.102825],[-123.038727,48.081138],[-123.016651,48.08538],[-123.004128,48.090516],[-122.979413,48.09594],[-122.946119,48.098552],[-122.929095,48.096244],[-122.917942,48.091535],[-122.920911,48.088199],[-122.926644,48.0741],[-122.927975,48.06665],[-122.927146,48.065133],[-122.926851,48.064593],[-122.918602,48.058238],[-122.877641,48.047025],[-122.849273,48.053808],[-122.857727,48.065774],[-122.878255,48.076072],[-122.882013,48.100779],[-122.876282,48.110877],[-122.833173,48.134406],[-122.784076,48.142974],[-122.760448,48.14324],[-122.748911,48.117026],[-122.773177,48.106864],[-122.778466,48.106135],[-122.792902,48.09718],[-122.798464,48.092451],[-122.801399,48.087561],[-122.770559,48.053432],[-122.770496,48.047897],[-122.766648,48.04429],[-122.74229,48.049324],[-122.740007,48.054116],[-122.739271,48.069153],[-122.741184,48.070958],[-122.747389,48.070795],[-122.748345,48.072097],[-122.733257,48.091232],[-122.718558,48.097567],[-122.698465,48.103102],[-122.68724,48.101662],[-122.69164,48.096726],[-122.69222,48.087081],[-122.682264,48.042723],[-122.677153,48.036346],[-122.668942,48.032026],[-122.669868,48.017217],[-122.686898,48.008305],[-122.690066,48.00842],[-122.697185,48.014978],[-122.70184,48.016106],[-122.723374,48.008095],[-122.718082,47.987739],[-122.701294,47.972979],[-122.683223,47.972226],[-122.6788,47.96793],[-122.676215,47.958743],[-122.684688,47.944049],[-122.68445,47.939593],[-122.681924,47.936415],[-122.66238,47.9307],[-122.657722,47.931156],[-122.651063,47.920985],[-122.65399,47.91589],[-122.655085,47.905058],[-122.646494,47.894771],[-122.637425,47.889945],[-122.618873,47.890242],[-122.610341,47.887343],[-122.631857,47.874815],[-122.633879,47.868401],[-122.63636,47.866186],[-122.650083,47.86386],[-122.666417,47.867497],[-122.69376,47.868002],[-122.690974,47.860118],[-122.681602,47.850405],[-122.683742,47.838773],[-122.688596,47.831438],[-122.719609,47.813036],[-122.731956,47.809741],[-122.748061,47.800546],[-122.75054,47.773966],[-122.757885,47.757744],[-122.758498,47.746036],[-122.749199,47.741063],[-122.740159,47.736228],[-122.733012,47.737625],[-122.722686,47.748827],[-122.719712,47.760976],[-122.714801,47.768176],[-122.690562,47.778372],[-122.684085,47.798574],[-122.682015,47.800882],[-122.648108,47.825123],[-122.623192,47.836199],[-122.614585,47.850806],[-122.608105,47.856728],[-122.573672,47.857582],[-122.573098,47.874081],[-122.586339,47.902023],[-122.588235,47.912923],[-122.596228,47.92021],[-122.616701,47.925139],[-122.620316,47.931553],[-122.617022,47.938987],[-122.611956,47.940772],[-122.603861,47.940478],[-122.601507,47.931726],[-122.592184,47.922519],[-122.581846,47.920282],[-122.549072,47.919072],[-122.527593,47.905882],[-122.513986,47.880807],[-122.512778,47.863879],[-122.506122,47.831745],[-122.502224,47.826395],[-122.482529,47.815511],[-122.482437,47.809255],[-122.485214,47.804128],[-122.495346,47.79704],[-122.495458,47.786692],[-122.471402,47.765965],[-122.470333,47.757109],[-122.471844,47.749819],[-122.477344,47.746019],[-122.488491,47.743605],[-122.507638,47.74304],[-122.515193,47.743911],[-122.519325,47.74622],[-122.537318,47.74714],[-122.554454,47.745704],[-122.543161,47.710941],[-122.53094,47.704814],[-122.525851,47.705095],[-122.523962,47.708034],[-122.511196,47.708715],[-122.504604,47.699136],[-122.504452,47.685888],[-122.508709,47.670843],[-122.518277,47.65132],[-122.502116,47.639074],[-122.493205,47.635122],[-122.492809,47.629591],[-122.494518,47.623625],[-122.500357,47.617816],[-122.49824,47.598242],[-122.493933,47.588963],[-122.483805,47.586721],[-122.479089,47.583654],[-122.503672,47.575178],[-122.518367,47.57408],[-122.529915,47.568441],[-122.534664,47.566122],[-122.543118,47.556326],[-122.542355,47.53784],[-122.547207,47.528257],[-122.546611,47.52355],[-122.532909,47.522184],[-122.52305,47.524],[-122.500543,47.51528],[-122.494882,47.510265],[-122.484993,47.512731],[-122.467796,47.509956],[-122.452399,47.503471],[-122.460503,47.494773],[-122.460029,47.486861],[-122.433386,47.46643],[-122.43984,47.458083],[-122.440083,47.417647],[-122.437657,47.407424],[-122.427327,47.402129],[-122.395054,47.399277],[-122.373629,47.388718],[-122.378482,47.38533],[-122.401768,47.381325],[-122.437809,47.365607],[-122.448399,47.354987],[-122.453998,47.343337],[-122.457494,47.342567],[-122.469703,47.344623],[-122.491237,47.335172],[-122.491063,47.332427],[-122.493123,47.330253],[-122.504918,47.33068],[-122.51885,47.33332],[-122.52416,47.33837],[-122.528129,47.345542],[-122.52603,47.358908],[-122.537935,47.359203],[-122.551536,47.35954],[-122.55584,47.347519],[-122.57134,47.327219],[-122.575985,47.32642],[-122.573739,47.318419],[-122.571239,47.315619],[-122.547747,47.316403],[-122.547408,47.317734],[-122.540238,47.31852],[-122.533338,47.31662],[-122.471652,47.277321],[-122.4442,47.266723],[-122.437727,47.268046],[-122.429605,47.269707],[-122.418074,47.281765],[-122.409199,47.288556],[-122.413735,47.293921],[-122.424235,47.297521],[-122.432335,47.296021],[-122.444635,47.300421],[-122.443008,47.306333],[-122.423535,47.319121],[-122.418268,47.320614]]]],"type":"MultiPolygon"}},{"_id":"colorado","type":"Feature","properties":{"name":"Colorado","abbreviation":"CO","capital":"Denver","city":"Denver","population":5268367,"area":269602,"waterarea":1171,"landarea":268432,"houseseats":7,"statehood":"1876-08-01","group":"US States"},"geometry":{"coordinates":[[[-107.317794,41.002957],[-107.000606,41.003444],[-106.857772,41.003082],[-106.453859,41.002057],[-106.439563,41.001978],[-106.437419,41.001795],[-106.43095,41.001752],[-106.391852,41.001176],[-106.386356,41.001144],[-106.321165,40.999123],[-106.19055,40.998056],[-106.061181,40.996999],[-105.730421,40.996886],[-105.724804,40.99691],[-105.277138,40.998173],[-105.27686,40.998173],[-105.256527,40.998191],[-105.254779,40.99821],[-104.943371,40.99819],[-104.882452,40.998186],[-104.497149,41.001828],[-104.497058,41.001805],[-104.214692,41.001657],[-104.214191,41.001568],[-104.211473,41.001591],[-104.123586,41.001626],[-104.10459,41.001543],[-104.086068,41.001563],[-104.066961,41.001504],[-104.053249,41.001406],[-104.039238,41.001502],[-104.023383,41.001887],[-104.018223,41.001617],[-103.972642,41.001615],[-103.971373,41.001524],[-103.953525,41.001596],[-103.896207,41.00175],[-103.877967,41.001673],[-103.858449,41.001681],[-103.574522,41.001721],[-103.497447,41.001635],[-103.486697,41.001914],[-103.421975,41.002007],[-103.421925,41.001969],[-103.382493,41.001883],[-103.365314,41.001846],[-103.362979,41.001844],[-103.077804,41.002298],[-103.076536,41.002253],[-103.059538,41.002368],[-103.057998,41.002368],[-103.043444,41.002344],[-103.038704,41.002251],[-103.002026,41.002486],[-103.000102,41.0024],[-102.98269,41.002157],[-102.981483,41.002112],[-102.963669,41.002186],[-102.962522,41.002072],[-102.960706,41.002059],[-102.959624,41.002095],[-102.94483,41.002303],[-102.943109,41.002051],[-102.925568,41.00228],[-102.924029,41.002142],[-102.906547,41.002276],[-102.904796,41.002207],[-102.887407,41.002178],[-102.885746,41.002131],[-102.867822,41.002183],[-102.865784,41.001988],[-102.849263,41.002301],[-102.846455,41.002256],[-102.830303,41.002351],[-102.82728,41.002143],[-102.773546,41.002414],[-102.766723,41.002275],[-102.754617,41.002361],[-102.739624,41.00223],[-102.653463,41.002332],[-102.621033,41.002597],[-102.578696,41.002291],[-102.575738,41.002268],[-102.575496,41.0022],[-102.566048,41.0022],[-102.556789,41.002219],[-102.487955,41.002445],[-102.470537,41.002382],[-102.469223,41.002424],[-102.379593,41.002301],[-102.364066,41.002174],[-102.292833,41.002207],[-102.292622,41.00223],[-102.292553,41.002207],[-102.291354,41.002207],[-102.2721,41.002245],[-102.267812,41.002383],[-102.231931,41.002327],[-102.2122,41.002462],[-102.209361,41.002442],[-102.19121,41.002326],[-102.124972,41.002338],[-102.070598,41.002423],[-102.051718,41.002377],[-102.051614,41.002377],[-102.051292,40.749591],[-102.051292,40.749586],[-102.051398,40.697542],[-102.051725,40.537839],[-102.051519,40.520094],[-102.051465,40.440008],[-102.05184,40.396396],[-102.051572,40.39308],[-102.051669,40.349213],[-102.051922,40.235344],[-102.051894,40.229193],[-102.051909,40.162674],[-102.052001,40.148359],[-102.051744,40.003078],[-102.051569,39.849805],[-102.051363,39.843471],[-102.051318,39.833311],[-102.051254,39.818992],[-102.050594,39.675594],[-102.049954,39.592331],[-102.049806,39.574058],[-102.049764,39.56818],[-102.049554,39.538932],[-102.049673,39.536691],[-102.049679,39.506183],[-102.049369,39.423333],[-102.04937,39.41821],[-102.049167,39.403597],[-102.04896,39.373712],[-102.048449,39.303138],[-102.04725,39.13702],[-102.047189,39.133147],[-102.047134,39.129701],[-102.046571,39.047038],[-102.045388,38.813392],[-102.045334,38.799463],[-102.045448,38.783453],[-102.045371,38.770064],[-102.045287,38.755528],[-102.045375,38.754339],[-102.045212,38.697567],[-102.045156,38.688555],[-102.045127,38.686725],[-102.04516,38.675221],[-102.045102,38.674946],[-102.045074,38.669617],[-102.045288,38.615249],[-102.045288,38.615168],[-102.045211,38.581609],[-102.045189,38.558732],[-102.045223,38.543797],[-102.045112,38.523784],[-102.045262,38.505532],[-102.045263,38.505395],[-102.044944,38.384419],[-102.044613,38.312324],[-102.044568,38.268819],[-102.044567,38.268749],[-102.04451,38.262412],[-102.044398,38.250015],[-102.043844,37.928102],[-102.043845,37.926135],[-102.043219,37.867929],[-102.043033,37.824146],[-102.042953,37.803535],[-102.042668,37.788758],[-102.042158,37.760164],[-102.04199,37.738541],[-102.041876,37.723875],[-102.041574,37.680436],[-102.041694,37.665681],[-102.041582,37.654495],[-102.041585,37.644282],[-102.041618,37.607868],[-102.041894,37.557977],[-102.041899,37.541186],[-102.042016,37.535261],[-102.041786,37.506066],[-102.041801,37.469488],[-102.041755,37.434855],[-102.041669,37.43474],[-102.041676,37.409898],[-102.041826,37.389191],[-102.042089,37.352819],[-102.041974,37.352613],[-102.041817,37.30949],[-102.041664,37.29765],[-102.041963,37.258164],[-102.042002,37.141744],[-102.042135,37.125021],[-102.042092,37.125021],[-102.041809,37.111973],[-102.041983,37.106551],[-102.04192,37.035083],[-102.041749,37.034397],[-102.041921,37.032178],[-102.04195,37.030805],[-102.041952,37.024742],[-102.04224,36.993083],[-102.054503,36.993109],[-102.184271,36.993593],[-102.208316,36.99373],[-102.355288,36.994506],[-102.355367,36.994575],[-102.570896,36.995136],[-102.875481,36.999628],[-102.979613,36.998549],[-102.985807,36.998571],[-102.986976,36.998524],[-103.002199,37.000104],[-103.086105,36.999864],[-103.733247,36.998016],[-103.734364,36.998041],[-104.007855,36.996239],[-104.732031,36.993447],[-104.73212,36.993484],[-105.000554,36.993264],[-105.1208,36.995428],[-105.155042,36.995339],[-105.220613,36.995169],[-105.41931,36.995856],[-105.442459,36.995994],[-105.447255,36.996017],[-105.465182,36.995991],[-105.508836,36.995895],[-105.512485,36.995777],[-105.533922,36.995875],[-105.62747,36.995679],[-105.66472,36.995874],[-105.716471,36.995849],[-105.71847,36.995846],[-105.996159,36.995418],[-105.997472,36.995417],[-106.006634,36.995343],[-106.247705,36.994266],[-106.248675,36.994288],[-106.476228,36.993472],[-106.617159,36.992967],[-106.617125,36.993004],[-106.628652,36.993175],[-106.628733,36.993161],[-106.661344,36.993243],[-106.675626,36.993123],[-106.869796,36.992426],[-107.000592,37.000009],[-107.420913,37.000005],[-107.420915,37.000005],[-107.481737,36.999973],[-108.288086,36.999555],[-108.2884,36.99952],[-108.320464,36.999499],[-108.320721,36.99951],[-108.379203,36.999459],[-108.619689,36.999249],[-108.620309,36.999287],[-108.954404,36.998906],[-108.958868,36.998913],[-109.045223,36.999084],[-109.045166,37.072742],[-109.045058,37.074661],[-109.044995,37.086429],[-109.045189,37.096271],[-109.045173,37.109464],[-109.045203,37.111958],[-109.045156,37.112064],[-109.04581,37.374993],[-109.043053,37.485161],[-109.041915,37.530653],[-109.041865,37.530726],[-109.041806,37.604171],[-109.042131,37.617662],[-109.042089,37.623795],[-109.041732,37.711214],[-109.04176,37.713182],[-109.041754,37.835826],[-109.041723,37.842051],[-109.042137,37.88116],[-109.043121,37.97426],[-109.042819,37.997068],[-109.04282,37.999301],[-109.042074,38.153023],[-109.042062,38.15549],[-109.060062,38.275489],[-109.059962,38.499987],[-109.059541,38.719888],[-109.053943,38.904414],[-109.053797,38.905284],[-109.053233,38.942467],[-109.053292,38.942878],[-109.051516,39.124982],[-109.051417,39.366677],[-109.051363,39.497674],[-109.051221,39.660472],[-109.050873,40.058915],[-109.050813,40.059579],[-109.050944,40.180712],[-109.050973,40.180849],[-109.050854,40.222662],[-109.049955,40.539901],[-109.050074,40.540358],[-109.048249,40.653601],[-109.048296,40.662602],[-109.050076,41.000659],[-108.250649,41.000114],[-107.918421,41.002036],[-107.317794,41.002957]]],"type":"Polygon"}},{"_id":"nebraska","type":"Feature","properties":{"name":"Nebraska","abbreviation":"NE","capital":"Lincoln","city":"Omaha","population":1868516,"area":200330,"waterarea":1357,"landarea":198973,"houseseats":3,"statehood":"1867-03-01","group":"US States"},"geometry":{"coordinates":[[[-104.05283,41.697954],[-104.052774,41.733401],[-104.053026,41.885464],[-104.052931,41.906143],[-104.052991,41.914973],[-104.052734,41.973007],[-104.052856,41.975958],[-104.05283,41.9946],[-104.052761,41.994967],[-104.052699,41.998673],[-104.052704,42.001718],[-104.052729,42.016318],[-104.05288,42.021761],[-104.052967,42.075004],[-104.052954,42.089077],[-104.0526,42.124963],[-104.052738,42.133769],[-104.053001,42.137254],[-104.052547,42.166801],[-104.052761,42.170278],[-104.052793,42.249962],[-104.052776,42.25822],[-104.052775,42.610813],[-104.052775,42.61159],[-104.052773,42.611766],[-104.052586,42.630917],[-104.052741,42.633982],[-104.052583,42.650062],[-104.052809,42.749966],[-104.052863,42.754569],[-104.053127,43.000585],[-103.815573,43.001279],[-103.813939,43.001378],[-103.576966,43.000746],[-103.576329,43.000807],[-103.506556,43.000771],[-103.506151,43.000771],[-103.505219,43.00077],[-103.5051,43.00077],[-103.404579,43.000737],[-103.340829,43.000879],[-103.132955,43.000784],[-103.13174,43.000783],[-103.000897,43.000474],[-102.792111,42.99998],[-102.487329,42.999559],[-102.440547,42.999609],[-102.082546,42.999356],[-102.082486,42.999356],[-101.875424,42.999298],[-101.625424,42.996238],[-101.230325,42.997899],[-101.229203,42.997854],[-101.228104,42.997874],[-101.226853,42.997896],[-101.226494,42.997901],[-100.96419,42.997886],[-100.958365,42.997796],[-100.906714,42.99791],[-100.887898,42.997881],[-100.553131,42.998721],[-100.544018,42.998795],[-100.534335,42.999017],[-100.472742,42.999288],[-100.355406,42.99876],[-100.349548,42.99874],[-100.283713,42.998767],[-100.277793,42.998674],[-100.198434,42.998542],[-100.198413,42.998542],[-100.198412,42.998542],[-100.126896,42.998711],[-100.126427,42.99871],[-100.119297,42.998689],[-100.034389,42.998425],[-100.027815,42.998424],[-100.004757,42.998392],[-99.961204,42.998335],[-99.950921,42.998291],[-99.950411,42.998286],[-99.927645,42.998113],[-99.918401,42.998057],[-99.877697,42.998094],[-99.869885,42.998094],[-99.859945,42.997962],[-99.850037,42.998171],[-99.821868,42.997995],[-99.809373,42.998178],[-99.803328,42.998064],[-99.800306,42.997972],[-99.788247,42.998016],[-99.768524,42.998125],[-99.743138,42.997912],[-99.726788,42.997892],[-99.719177,42.997899],[-99.701446,42.997994],[-99.699234,42.99788],[-99.569277,42.997995],[-99.535375,42.998038],[-99.534049,42.998041],[-99.494287,42.998118],[-99.490798,42.998143],[-99.474531,42.998081],[-99.471353,42.997967],[-99.395568,42.99817],[-99.374268,42.998047],[-99.371121,42.998093],[-99.368628,42.99814],[-99.347283,42.998217],[-99.288045,42.998152],[-99.26271,42.998234],[-99.254454,42.99814],[-99.254297,42.998138],[-99.234462,42.998281],[-99.195199,42.998107],[-99.161388,42.998465],[-99.151143,42.998344],[-99.139045,42.998508],[-99.135961,42.998301],[-99.08188,42.998288],[-99.080011,42.998357],[-99.0223,42.998237],[-99.021909,42.998365],[-99.00037,42.998273],[-98.962081,42.998286],[-98.919234,42.998241],[-98.919136,42.998242],[-98.903154,42.998306],[-98.899944,42.998122],[-98.823989,42.99831],[-98.801304,42.998241],[-98.764378,42.998323],[-98.742394,42.998343],[-98.665613,42.998536],[-98.663712,42.998444],[-98.568936,42.998537],[-98.565072,42.9984],[-98.49855,42.99856],[-98.495747,42.988032],[-98.490483,42.977948],[-98.467356,42.947556],[-98.447047,42.935117],[-98.325864,42.8865],[-98.309741,42.881232],[-98.204506,42.846845],[-98.165835,42.837011],[-98.157405,42.831899],[-98.056625,42.770781],[-98.035034,42.764205],[-98.017228,42.762411],[-98.000348,42.763256],[-97.950147,42.769619],[-97.936716,42.775754],[-97.908983,42.794909],[-97.888562,42.817251],[-97.879878,42.835395],[-97.875345,42.858724],[-97.865695,42.86286],[-97.84527,42.867734],[-97.828496,42.868797],[-97.814382,42.861119],[-97.774456,42.849774],[-97.686506,42.842435],[-97.635115,42.844984],[-97.531867,42.850105],[-97.485376,42.854838],[-97.42319,42.861168],[-97.328511,42.859501],[-97.257089,42.853854],[-97.218269,42.829561],[-97.190135,42.805076],[-97.163082,42.793385],[-97.13746,42.782313],[-97.05218,42.770187],[-97.026103,42.762625],[-97.015691,42.758697],[-96.961021,42.738075],[-96.920494,42.731432],[-96.906797,42.7338],[-96.813148,42.706397],[-96.806553,42.703405],[-96.724033,42.665971],[-96.712871,42.648136],[-96.707245,42.631258],[-96.710604,42.619625],[-96.711332,42.610399],[-96.708049,42.601594],[-96.635982,42.524324],[-96.625958,42.513576],[-96.611489,42.506088],[-96.48749,42.479846],[-96.475565,42.480036],[-96.443408,42.489495],[-96.409408,42.487595],[-96.396107,42.484095],[-96.385407,42.473094],[-96.381307,42.461694],[-96.380707,42.446394],[-96.387608,42.432494],[-96.413609,42.407894],[-96.415509,42.400294],[-96.417786,42.351449],[-96.413895,42.343393],[-96.407998,42.337408],[-96.384169,42.325874],[-96.375307,42.318339],[-96.348814,42.282024],[-96.328905,42.254734],[-96.322868,42.233637],[-96.323723,42.229887],[-96.336323,42.218922],[-96.356591,42.215182],[-96.356666,42.215077],[-96.35987,42.210545],[-96.349688,42.172043],[-96.344121,42.162091],[-96.307421,42.130707],[-96.279079,42.074026],[-96.272877,42.047238],[-96.251714,42.040472],[-96.22173,42.026205],[-96.129505,41.971673],[-96.129186,41.965136],[-96.136743,41.920826],[-96.142265,41.915379],[-96.159098,41.910057],[-96.161988,41.905553],[-96.161756,41.90182],[-96.144483,41.871854],[-96.139554,41.86583],[-96.110907,41.830818],[-96.086407,41.81138],[-96.077646,41.808804],[-96.071007,41.804639],[-96.06577,41.798174],[-96.064537,41.793002],[-96.077088,41.715403],[-96.096795,41.698681],[-96.121726,41.68274],[-96.099837,41.66103],[-96.095415,41.652736],[-96.095046,41.647365],[-96.097728,41.639633],[-96.116233,41.621574],[-96.118105,41.613495],[-96.09409,41.539265],[-96.089714,41.531778],[-96.055096,41.509577],[-96.046707,41.507085],[-96.040701,41.507076],[-96.036603,41.509047],[-96.030593,41.527292],[-95.994784,41.526242],[-95.981319,41.506837],[-95.930705,41.433894],[-95.937346,41.394403],[-95.93831,41.392162],[-95.956791,41.349196],[-95.956691,41.345496],[-95.953091,41.339896],[-95.939291,41.328897],[-95.92569,41.322197],[-95.91379,41.320197],[-95.90249,41.273398],[-95.924891,41.211198],[-95.927491,41.202198],[-95.92599,41.195698],[-95.923219,41.191046],[-95.92319,41.190998],[-95.91459,41.185098],[-95.852788,41.165398],[-95.853396,41.16028],[-95.866289,41.051731],[-95.867246,41.043671],[-95.867286,41.001599],[-95.835434,40.984184],[-95.829074,40.975688],[-95.823123,40.900924],[-95.821193,40.876682],[-95.854172,40.784012],[-95.861695,40.762871],[-95.872281,40.758349],[-95.881529,40.750611],[-95.88669,40.742101],[-95.888907,40.731855],[-95.883178,40.717579],[-95.842801,40.677496],[-95.822913,40.66724],[-95.795489,40.662384],[-95.786568,40.657253],[-95.776251,40.647463],[-95.748626,40.603355],[-95.750053,40.597052],[-95.753148,40.59284],[-95.765645,40.585208],[-95.773549,40.578205],[-95.774704,40.573574],[-95.769281,40.536656],[-95.76692,40.531563],[-95.75711,40.52599],[-95.74868,40.524275],[-95.709974,40.523798],[-95.697281,40.536985],[-95.696673,40.545137],[-95.659281,40.519808],[-95.681409,40.49082],[-95.692665,40.483022],[-95.68728,40.465059],[-95.622684,40.342323],[-95.553292,40.291158],[-95.550966,40.285947],[-95.552314,40.264443],[-95.552473,40.261904],[-95.521925,40.24947],[-95.312211,40.009395],[-95.30829,39.999998],[-95.339896,39.999999],[-95.375257,40],[-95.784575,40.000463],[-95.788024,40.000452],[-95.788111,40.000452],[-95.882524,40.00047],[-95.958139,40.000521],[-96.010678,40.000638],[-96.01068,40.000638],[-96.02409,40.000719],[-96.051691,40.000727],[-96.081395,40.000603],[-96.089781,40.000519],[-96.125788,40.000467],[-96.125937,40.000432],[-96.147167,40.000479],[-96.154246,40.00045],[-96.154365,40.000495],[-96.220171,40.00072],[-96.223839,40.000729],[-96.239172,40.000691],[-96.239208,40.000691],[-96.301066,40.000632],[-96.304555,40.000629],[-96.46364,40.000967],[-96.463713,40.000968],[-96.467536,40.001035],[-96.469945,40.000966],[-96.527111,40.001031],[-96.538977,40.000851],[-96.557863,40.000968],[-96.570854,40.001091],[-96.580852,40.000966],[-96.604884,40.000891],[-96.610349,40.000881],[-96.622401,40.001158],[-96.805768,40.001371],[-96.873812,40.00145],[-96.875057,40.001448],[-96.878253,40.001466],[-96.880459,40.001448],[-96.916093,40.001506],[-96.916407,40.001506],[-97.009165,40.001463],[-97.030803,40.001342],[-97.049663,40.001323],[-97.137866,40.001814],[-97.142448,40.001495],[-97.181775,40.00155],[-97.20019,40.001549],[-97.20231,40.001442],[-97.24508,40.001467],[-97.245169,40.001513],[-97.350272,40.001976],[-97.350896,40.00193],[-97.369103,40.00206],[-97.369199,40.00206],[-97.369199,40.00206],[-97.415833,40.002001],[-97.417826,40.002024],[-97.425443,40.002048],[-97.444662,40.001958],[-97.463285,40.002047],[-97.510264,40.001835],[-97.511381,40.001899],[-97.515308,40.001901],[-97.767746,40.001994],[-97.769204,40.001995],[-97.770776,40.001977],[-97.777155,40.002167],[-97.819426,40.001958],[-97.821496,40.002002],[-97.821598,40.002004],[-97.838379,40.00191],[-97.85745,40.002065],[-97.876261,40.002102],[-97.931811,40.00205],[-97.931826,40.00205],[-97.972186,40.002114],[-98.010157,40.002153],[-98.014412,40.002223],[-98.047469,40.002186],[-98.050057,40.002278],[-98.068701,40.002355],[-98.076034,40.002301],[-98.099659,40.002227],[-98.142031,40.002452],[-98.172269,40.002438],[-98.179315,40.002483],[-98.193483,40.002614],[-98.250008,40.002307],[-98.268218,40.00249],[-98.274015,40.002516],[-98.274017,40.002516],[-98.490533,40.002323],[-98.504455,40.002329],[-98.523053,40.002336],[-98.543186,40.002285],[-98.560578,40.002274],[-98.575219,40.00248],[-98.593342,40.002476],[-98.613755,40.0024],[-98.64071,40.002493],[-98.652494,40.002245],[-98.653833,40.002269],[-98.669724,40.00241],[-98.672819,40.002364],[-98.690287,40.002548],[-98.691443,40.002505],[-98.693096,40.002373],[-98.710404,40.00218],[-98.726295,40.002222],[-98.726373,40.002222],[-98.774941,40.002336],[-98.777203,40.002359],[-98.82059,40.002319],[-98.834456,40.002363],[-98.934792,40.002205],[-98.960919,40.002271],[-98.961009,40.002317],[-98.971721,40.002268],[-98.972287,40.002245],[-98.992135,40.002192],[-99.018701,40.002333],[-99.020338,40.002264],[-99.067022,40.00217],[-99.085597,40.002133],[-99.11351,40.002193],[-99.123033,40.002165],[-99.169816,40.001925],[-99.178965,40.001977],[-99.179133,40.001977],[-99.186962,40.001977],[-99.188905,40.002023],[-99.197592,40.002033],[-99.216376,40.002016],[-99.25037,40.001957],[-99.254012,40.002074],[-99.282967,40.001879],[-99.286656,40.002017],[-99.290703,40.001949],[-99.403389,40.001969],[-99.412645,40.001868],[-99.480728,40.001942],[-99.493465,40.001937],[-99.49766,40.001912],[-99.498999,40.001957],[-99.501792,40.002026],[-99.625324,40.001866],[-99.62598,40.001865],[-99.628255,40.001866],[-99.628346,40.001866],[-99.719639,40.001808],[-99.731959,40.001827],[-99.746628,40.00182],[-99.756835,40.001342],[-99.764214,40.001551],[-99.772121,40.001804],[-99.77564,40.001647],[-99.813401,40.0014],[-99.906658,40.001512],[-99.930433,40.001516],[-99.944417,40.001584],[-99.948167,40.001813],[-99.986611,40.00155],[-99.990926,40.001503],[-100.177795,40.001593],[-100.177823,40.001593],[-100.188181,40.001541],[-100.190323,40.001586],[-100.19359,40.001573],[-100.193597,40.001573],[-100.196959,40.001494],[-100.215406,40.001629],[-100.229479,40.001693],[-100.231652,40.001623],[-100.39008,40.001809],[-100.439081,40.001774],[-100.447072,40.001795],[-100.468773,40.001724],[-100.475854,40.001768],[-100.477018,40.001752],[-100.487159,40.001767],[-100.511065,40.00184],[-100.551886,40.001889],[-100.567238,40.001889],[-100.594757,40.001977],[-100.600945,40.001906],[-100.645445,40.001883],[-100.66023,40.002162],[-100.683435,40.002234],[-100.721128,40.002069],[-100.729904,40.002111],[-100.733296,40.00227],[-100.738826,40.002228],[-100.752183,40.002128],[-100.75883,40.002302],[-100.937427,40.002145],[-101.027686,40.002256],[-101.060317,40.002307],[-101.130907,40.002427],[-101.168704,40.002547],[-101.178805,40.002468],[-101.192219,40.002491],[-101.215033,40.002555],[-101.248673,40.002543],[-101.286555,40.002559],[-101.293991,40.002559],[-101.324036,40.002696],[-101.325514,40.002687],[-101.342859,40.00258],[-101.374326,40.002521],[-101.409953,40.002354],[-101.411043,40.002365],[-101.417209,40.002424],[-101.542273,40.002609],[-101.625809,40.002711],[-101.627071,40.00262],[-101.804862,40.002752],[-101.807687,40.002798],[-101.832161,40.002933],[-101.841025,40.002784],[-101.904176,40.003162],[-101.916696,40.003142],[-102.051744,40.003078],[-102.052001,40.148359],[-102.051909,40.162674],[-102.051894,40.229193],[-102.051922,40.235344],[-102.051669,40.349213],[-102.051572,40.39308],[-102.05184,40.396396],[-102.051465,40.440008],[-102.051519,40.520094],[-102.051725,40.537839],[-102.051398,40.697542],[-102.051292,40.749586],[-102.051292,40.749591],[-102.051614,41.002377],[-102.051718,41.002377],[-102.070598,41.002423],[-102.124972,41.002338],[-102.19121,41.002326],[-102.209361,41.002442],[-102.2122,41.002462],[-102.231931,41.002327],[-102.267812,41.002383],[-102.2721,41.002245],[-102.291354,41.002207],[-102.292553,41.002207],[-102.292622,41.00223],[-102.292833,41.002207],[-102.364066,41.002174],[-102.379593,41.002301],[-102.469223,41.002424],[-102.470537,41.002382],[-102.487955,41.002445],[-102.556789,41.002219],[-102.566048,41.0022],[-102.575496,41.0022],[-102.575738,41.002268],[-102.578696,41.002291],[-102.621033,41.002597],[-102.653463,41.002332],[-102.739624,41.00223],[-102.754617,41.002361],[-102.766723,41.002275],[-102.773546,41.002414],[-102.82728,41.002143],[-102.830303,41.002351],[-102.846455,41.002256],[-102.849263,41.002301],[-102.865784,41.001988],[-102.867822,41.002183],[-102.885746,41.002131],[-102.887407,41.002178],[-102.904796,41.002207],[-102.906547,41.002276],[-102.924029,41.002142],[-102.925568,41.00228],[-102.943109,41.002051],[-102.94483,41.002303],[-102.959624,41.002095],[-102.960706,41.002059],[-102.962522,41.002072],[-102.963669,41.002186],[-102.981483,41.002112],[-102.98269,41.002157],[-103.000102,41.0024],[-103.002026,41.002486],[-103.038704,41.002251],[-103.043444,41.002344],[-103.057998,41.002368],[-103.059538,41.002368],[-103.076536,41.002253],[-103.077804,41.002298],[-103.362979,41.001844],[-103.365314,41.001846],[-103.382493,41.001883],[-103.421925,41.001969],[-103.421975,41.002007],[-103.486697,41.001914],[-103.497447,41.001635],[-103.574522,41.001721],[-103.858449,41.001681],[-103.877967,41.001673],[-103.896207,41.00175],[-103.953525,41.001596],[-103.971373,41.001524],[-103.972642,41.001615],[-104.018223,41.001617],[-104.023383,41.001887],[-104.039238,41.001502],[-104.053249,41.001406],[-104.053158,41.016809],[-104.053097,41.018045],[-104.053177,41.089725],[-104.053025,41.090274],[-104.053083,41.104985],[-104.053142,41.114457],[-104.052666,41.275251],[-104.052574,41.278019],[-104.052453,41.278202],[-104.052568,41.316202],[-104.052476,41.320961],[-104.052324,41.321144],[-104.052287,41.393214],[-104.052287,41.393307],[-104.05216,41.407662],[-104.05234,41.417865],[-104.052478,41.515754],[-104.052476,41.522343],[-104.052686,41.539111],[-104.052692,41.541154],[-104.052584,41.55265],[-104.052531,41.552723],[-104.05254,41.564274],[-104.052859,41.592254],[-104.052735,41.613676],[-104.052975,41.622931],[-104.052945,41.638167],[-104.052913,41.64519],[-104.05283,41.697954]]],"type":"Polygon"}},{"_id":"missouri","type":"Feature","properties":{"name":"Missouri","abbreviation":"MO","capital":"Jefferson City","city":"Kansas City","population":6021988,"area":180540,"waterarea":2499,"landarea":178041,"houseseats":8,"statehood":"1821-08-10","group":"US States"},"geometry":{"coordinates":[[[-89.545006,36.336809],[-89.560439,36.337746],[-89.581636,36.342357],[-89.605668,36.342234],[-89.610689,36.340442],[-89.615841,36.336085],[-89.6198,36.329546],[-89.620255,36.323006],[-89.611819,36.309088],[-89.578492,36.288317],[-89.554289,36.277751],[-89.544797,36.280458],[-89.539487,36.277368],[-89.535529,36.270541],[-89.534745,36.252576],[-89.541621,36.247891],[-89.589561,36.239116],[-89.602374,36.238106],[-89.678046,36.248284],[-89.691308,36.252079],[-89.699817,36.248384],[-89.629452,36.185382],[-89.618228,36.179966],[-89.607004,36.171179],[-89.594397,36.155457],[-89.591605,36.144096],[-89.594,36.12719],[-89.601936,36.11947],[-89.624235,36.108626],[-89.684439,36.051719],[-89.687254,36.034048],[-89.690306,36.024835],[-89.706932,36.000981],[-89.733095,36.000608],[-89.737564,36.000522],[-89.737648,36.000567],[-89.769973,36.000536],[-89.770255,36.000524],[-89.86901,35.99964],[-89.87459,35.999575],[-89.875085,35.999578],[-89.875586,35.999562],[-89.896508,35.999432],[-89.901183,35.999365],[-89.959375,35.99902],[-89.959377,35.99902],[-89.959893,35.99902],[-89.961075,35.999135],[-89.965327,35.998813],[-89.972563,35.998994],[-90.12635,35.997596],[-90.127331,35.997635],[-90.158812,35.997375],[-90.2888,35.996419],[-90.288947,35.996418],[-90.292376,35.996397],[-90.339434,35.996033],[-90.342616,35.995895],[-90.368718,35.995812],[-90.36443,36.013625],[-90.319168,36.089976],[-90.220425,36.184764],[-90.198735,36.201382],[-90.114922,36.265595],[-90.083731,36.272332],[-90.076301,36.280708],[-90.06398,36.303038],[-90.064514,36.382085],[-90.072897,36.393007],[-90.133993,36.437906],[-90.156369,36.487748],[-90.154409,36.496832],[-90.152481,36.497952],[-90.193943,36.497823],[-90.217323,36.497797],[-90.220702,36.497858],[-90.220732,36.497858],[-90.228943,36.497771],[-90.339892,36.498213],[-90.494575,36.498368],[-90.495027,36.498371],[-90.50016,36.498399],[-90.576112,36.498446],[-90.57618,36.498446],[-90.585342,36.498497],[-90.5943,36.498459],[-90.60545,36.498459],[-90.612554,36.498559],[-90.648494,36.498447],[-90.653246,36.498488],[-90.693005,36.49851],[-90.711226,36.498318],[-90.765672,36.498494],[-90.782454,36.498523],[-90.784398,36.498524],[-90.850434,36.498548],[-90.873775,36.498074],[-90.876567,36.498313],[-90.876867,36.498423],[-90.87922,36.498378],[-90.960648,36.498426],[-90.963063,36.498418],[-91.008558,36.49827],[-91.017974,36.498062],[-91.09588,36.49787],[-91.096277,36.497893],[-91.126529,36.497712],[-91.21736,36.497511],[-91.218645,36.497564],[-91.227398,36.497617],[-91.404915,36.49712],[-91.405141,36.497165],[-91.407137,36.497112],[-91.407261,36.497123],[-91.433298,36.497262],[-91.436502,36.497377],[-91.446284,36.497469],[-91.450005,36.497538],[-91.529774,36.499022],[-91.53687,36.499156],[-91.539359,36.499116],[-91.549163,36.499161],[-91.596213,36.499162],[-91.601317,36.499343],[-91.631439,36.499198],[-91.64259,36.499335],[-91.672343,36.499463],[-91.686026,36.499374],[-91.687615,36.499397],[-91.726663,36.499209],[-91.766111,36.499114],[-91.784713,36.499074],[-91.7995,36.498952],[-91.80204,36.498963],[-91.805981,36.498987],[-91.864385,36.498789],[-91.865995,36.498783],[-91.985802,36.498431],[-91.988751,36.498498],[-92.019375,36.498524],[-92.028847,36.498642],[-92.055789,36.49867],[-92.057178,36.49867],[-92.074934,36.498761],[-92.098356,36.498803],[-92.120306,36.498864],[-92.120415,36.498863],[-92.137741,36.498706],[-92.150295,36.498634],[-92.199396,36.498351],[-92.211449,36.498395],[-92.214143,36.498372],[-92.216412,36.498417],[-92.309424,36.497894],[-92.318415,36.497711],[-92.529145,36.497739],[-92.772333,36.497772],[-92.772341,36.497772],[-92.838621,36.498079],[-92.838876,36.498033],[-92.854049,36.497983],[-92.894001,36.49785],[-92.894336,36.497867],[-93.013742,36.49813],[-93.068455,36.49825],[-93.069512,36.498242],[-93.087635,36.498239],[-93.088988,36.498184],[-93.296117,36.498389],[-93.315324,36.498408],[-93.315337,36.498408],[-93.394718,36.498519],[-93.396079,36.498669],[-93.426989,36.498585],[-93.507408,36.498911],[-93.514512,36.498881],[-93.584281,36.498896],[-93.584282,36.498896],[-93.700171,36.499135],[-93.709956,36.499179],[-93.718893,36.499178],[-93.727552,36.499055],[-93.728022,36.499037],[-93.866758,36.498789],[-93.906128,36.498718],[-93.92184,36.498718],[-93.95919,36.498717],[-93.96392,36.498717],[-94.077089,36.49873],[-94.098588,36.498676],[-94.100252,36.49867],[-94.110673,36.498587],[-94.111473,36.498597],[-94.519478,36.499214],[-94.55929,36.499496],[-94.617919,36.499414],[-94.617877,36.514999],[-94.617883,36.517799],[-94.617997,36.53428],[-94.617868,36.53609],[-94.617897,36.536983],[-94.617814,36.577732],[-94.617853,36.59912],[-94.617865,36.606851],[-94.617815,36.612604],[-94.618019,36.667921],[-94.618025,36.66943],[-94.61813,36.701423],[-94.618307,36.76656],[-94.61838,36.84732],[-94.618658,36.880064],[-94.618243,36.897027],[-94.618282,36.911472],[-94.618207,36.926236],[-94.618295,36.929647],[-94.618166,36.937584],[-94.618109,36.946564],[-94.618026,36.950158],[-94.618031,36.994704],[-94.618049,36.996208],[-94.61808,36.998135],[-94.617995,37.009016],[-94.617965,37.040537],[-94.617875,37.056797],[-94.617875,37.056798],[-94.617982,37.075077],[-94.61812,37.085934],[-94.618082,37.086432],[-94.61809,37.093494],[-94.618088,37.093671],[-94.618059,37.096676],[-94.618151,37.103968],[-94.618212,37.113169],[-94.618075,37.129755],[-94.618072,37.132345],[-94.618351,37.160211],[-94.618473,37.174782],[-94.618505,37.181184],[-94.618319,37.188774],[-94.618305,37.207337],[-94.618219,37.207772],[-94.61815,37.228121],[-94.618123,37.229334],[-94.618158,37.237597],[-94.618075,37.240436],[-94.617648,37.323589],[-94.617695,37.336842],[-94.617636,37.338415],[-94.617636,37.338417],[-94.617538,37.364167],[-94.617537,37.364355],[-94.617626,37.367445],[-94.617625,37.367576],[-94.617557,37.396375],[-94.617511,37.410909],[-94.617265,37.425536],[-94.617132,37.439818],[-94.617201,37.454788],[-94.617205,37.460373],[-94.617222,37.460476],[-94.61718,37.465203],[-94.617183,37.469665],[-94.617023,37.483765],[-94.616789,37.52151],[-94.616908,37.527804],[-94.617186,37.553485],[-94.61716,37.557308],[-94.617081,37.567013],[-94.617315,37.571499],[-94.617283,37.571896],[-94.617428,37.609522],[-94.6173,37.610495],[-94.617477,37.63717],[-94.617575,37.653577],[-94.617576,37.653671],[-94.617734,37.673105],[-94.617734,37.673127],[-94.617885,37.682214],[-94.617687,37.686653],[-94.617651,37.687671],[-94.617805,37.690178],[-94.617975,37.722176],[-94.617808,37.729707],[-94.616862,37.819456],[-94.61645,37.83756],[-94.616426,37.845282],[-94.616,37.863126],[-94.615834,37.87251],[-94.615921,37.878331],[-94.615706,37.886843],[-94.615469,37.901775],[-94.615393,37.906392],[-94.615181,37.915944],[-94.614778,37.9342],[-94.614835,37.9367],[-94.614754,37.940769],[-94.614612,37.944362],[-94.614594,37.949978],[-94.614562,37.951517],[-94.614557,37.971037],[-94.614465,37.987799],[-94.614212,37.992462],[-94.613981,38.036949],[-94.613981,38.037057],[-94.614055,38.060056],[-94.614055,38.060088],[-94.614089,38.065901],[-94.614061,38.067343],[-94.613856,38.149769],[-94.613748,38.160633],[-94.613422,38.167908],[-94.613073,38.190552],[-94.612848,38.200714],[-94.612822,38.203918],[-94.612658,38.217649],[-94.612659,38.219251],[-94.612635,38.226987],[-94.612614,38.237766],[-94.612692,38.270394],[-94.612849,38.289914],[-94.612844,38.291423],[-94.612673,38.302527],[-94.612673,38.314832],[-94.612788,38.320142],[-94.612825,38.324387],[-94.613,38.335801],[-94.613312,38.364407],[-94.613329,38.369618],[-94.613275,38.388718],[-94.613265,38.392426],[-94.613365,38.403422],[-94.612866,38.477571],[-94.612865,38.477602],[-94.612696,38.483154],[-94.612726,38.484367],[-94.612644,38.491644],[-94.612272,38.547917],[-94.612157,38.549817],[-94.612176,38.576546],[-94.611902,38.58011],[-94.611887,38.580139],[-94.611908,38.609272],[-94.611858,38.620485],[-94.611602,38.635384],[-94.609509,38.738102],[-94.609456,38.7407],[-94.609399,38.74244],[-94.609039,38.760611],[-94.608041,38.811064],[-94.608033,38.847207],[-94.608033,38.855007],[-94.608033,38.861207],[-94.607993,38.867271],[-94.608033,38.868107],[-94.608033,38.869207],[-94.608033,38.883807],[-94.607978,38.93687],[-94.607866,38.937398],[-94.608134,38.940006],[-94.608134,38.942006],[-94.607391,39.044086],[-94.607234,39.065704],[-94.607334,39.081704],[-94.607234,39.089604],[-94.607354,39.113444],[-94.589933,39.140403],[-94.591933,39.155003],[-94.596033,39.157703],[-94.601733,39.159603],[-94.706723,39.173801],[-94.714137,39.170403],[-94.723637,39.169003],[-94.736537,39.169203],[-94.752338,39.173203],[-94.793948,39.201276],[-94.832399,39.227218],[-94.901009,39.30168],[-94.907569,39.320623],[-94.910641,39.348335],[-94.908337,39.355647],[-94.909954,39.367459],[-94.946662,39.399717],[-94.969061,39.418876],[-95.102888,39.533347],[-95.109304,39.542285],[-95.113557,39.553941],[-95.113077,39.559133],[-95.107454,39.573843],[-95.069592,39.615106],[-95.01531,39.674262],[-95.011103,39.677572],[-94.937924,39.725471],[-94.916932,39.728186],[-94.895268,39.76321],[-94.908267,39.812172],[-94.927897,39.886112],[-94.935963,39.894355],[-94.954155,39.901138],[-94.993348,39.900747],[-95.00844,39.900596],[-95.01632,39.898766],[-95.02524,39.8897],[-95.02525,39.877688],[-95.027931,39.871522],[-95.035047,39.866807],[-95.042142,39.864805],[-95.085003,39.861883],[-95.107745,39.868579],[-95.132695,39.875925],[-95.181222,39.899996],[-95.301549,39.983603],[-95.30778,39.990618],[-95.30829,39.999998],[-95.312211,40.009395],[-95.521925,40.24947],[-95.552473,40.261904],[-95.552314,40.264443],[-95.550966,40.285947],[-95.553292,40.291158],[-95.622684,40.342323],[-95.68728,40.465059],[-95.692665,40.483022],[-95.681409,40.49082],[-95.659281,40.519808],[-95.696673,40.545137],[-95.697281,40.536985],[-95.709974,40.523798],[-95.74868,40.524275],[-95.75711,40.52599],[-95.76692,40.531563],[-95.769281,40.536656],[-95.774704,40.573574],[-95.773549,40.578205],[-95.765645,40.585208],[-95.746443,40.584935],[-95.6875,40.584381],[-95.687442,40.58438],[-95.64184,40.584234],[-95.611069,40.583495],[-95.574046,40.582963],[-95.554959,40.582629],[-95.533182,40.582249],[-95.526682,40.582136],[-95.525392,40.58209],[-95.469319,40.58154],[-95.415406,40.581014],[-95.373923,40.580501],[-95.373893,40.580501],[-95.357802,40.5801],[-95.335588,40.579871],[-95.221525,40.578827],[-95.218783,40.578781],[-95.217455,40.578759],[-95.213327,40.578689],[-95.212715,40.578679],[-95.21159,40.578654],[-95.211408,40.57865],[-95.202264,40.578528],[-95.164058,40.578017],[-95.154499,40.57786],[-95.120829,40.577413],[-95.112222,40.577228],[-95.110663,40.577206],[-95.110303,40.57716],[-95.107213,40.577116],[-95.097607,40.577168],[-95.079742,40.577007],[-95.068921,40.57688],[-94.966491,40.575839],[-94.955134,40.575669],[-94.914896,40.575068],[-94.901451,40.574877],[-94.896801,40.574738],[-94.823758,40.573942],[-94.819978,40.573714],[-94.811188,40.573532],[-94.773988,40.572977],[-94.716665,40.572201],[-94.714925,40.572201],[-94.682601,40.571787],[-94.632035,40.571186],[-94.632032,40.571186],[-94.594001,40.570966],[-94.542154,40.570809],[-94.541828,40.570809],[-94.538318,40.570763],[-94.537058,40.570763],[-94.533878,40.570739],[-94.48928,40.570707],[-94.471213,40.570825],[-94.470648,40.57083],[-94.460088,40.570947],[-94.429725,40.571041],[-94.358307,40.571363],[-94.336706,40.571452],[-94.336556,40.571475],[-94.324765,40.571477],[-94.310724,40.571524],[-94.294813,40.571341],[-94.28735,40.571521],[-94.23224,40.571907],[-94.091085,40.572897],[-94.089194,40.572806],[-94.080463,40.572899],[-94.080223,40.572899],[-94.034134,40.573585],[-94.015492,40.573914],[-93.976766,40.574635],[-93.963863,40.574754],[-93.939857,40.575192],[-93.938627,40.575284],[-93.937097,40.575421],[-93.936317,40.575284],[-93.935687,40.57533],[-93.913961,40.575672],[-93.900877,40.575874],[-93.899317,40.575942],[-93.898327,40.576011],[-93.853656,40.576606],[-93.84093,40.576791],[-93.818725,40.577086],[-93.815485,40.577278],[-93.774344,40.577584],[-93.770231,40.577615],[-93.750223,40.57772],[-93.742759,40.577518],[-93.737259,40.577542],[-93.728355,40.577547],[-93.722443,40.577641],[-93.690333,40.577875],[-93.677099,40.578127],[-93.668845,40.578241],[-93.661913,40.578354],[-93.659272,40.57833],[-93.656211,40.578352],[-93.597352,40.579496],[-93.566189,40.580117],[-93.56581,40.580075],[-93.56524,40.580143],[-93.560798,40.580304],[-93.558938,40.580189],[-93.556899,40.580235],[-93.553986,40.580303],[-93.548284,40.580417],[-93.528177,40.580367],[-93.527607,40.580436],[-93.524124,40.580481],[-93.466887,40.580072],[-93.465297,40.580164],[-93.441767,40.579916],[-93.374386,40.580334],[-93.345442,40.580514],[-93.317605,40.580671],[-93.260612,40.580797],[-93.098507,40.583973],[-93.097296,40.584014],[-93.085517,40.584403],[-92.957747,40.58743],[-92.941595,40.587743],[-92.903544,40.58786],[-92.889796,40.588039],[-92.879178,40.588341],[-92.863034,40.588175],[-92.857391,40.58836],[-92.835074,40.588484],[-92.827992,40.588515],[-92.828061,40.588593],[-92.757407,40.588908],[-92.742232,40.589207],[-92.714598,40.589564],[-92.689854,40.589884],[-92.686693,40.589809],[-92.639223,40.590825],[-92.637898,40.590853],[-92.580278,40.592151],[-92.484588,40.594924],[-92.482394,40.594894],[-92.481692,40.594941],[-92.461609,40.595355],[-92.453745,40.595288],[-92.379691,40.596509],[-92.350807,40.597273],[-92.350776,40.597274],[-92.331445,40.597714],[-92.331205,40.597805],[-92.298754,40.598469],[-92.236484,40.599531],[-92.217603,40.599832],[-92.201669,40.59998],[-92.196162,40.600069],[-92.17978,40.600529],[-92.096387,40.60183],[-92.092875,40.602082],[-92.0832,40.602244],[-92.082339,40.602176],[-92.069521,40.602772],[-92.067904,40.602648],[-92.029649,40.603713],[-91.998683,40.604433],[-91.970988,40.605112],[-91.943114,40.605913],[-91.868401,40.608059],[-91.832481,40.609797],[-91.824826,40.610191],[-91.813968,40.610526],[-91.800133,40.610953],[-91.795374,40.611101],[-91.785916,40.611488],[-91.729115,40.61364],[-91.716769,40.59853],[-91.696359,40.588148],[-91.620071,40.540817],[-91.618028,40.53403],[-91.622362,40.514362],[-91.619486,40.507134],[-91.524612,40.410765],[-91.490977,40.393484],[-91.484507,40.3839],[-91.419422,40.378264],[-91.444833,40.36317],[-91.46214,40.342414],[-91.489868,40.286048],[-91.501435,40.248874],[-91.505968,40.234305],[-91.510332,40.201142],[-91.512974,40.181062],[-91.510322,40.127994],[-91.494865,40.037421],[-91.460287,39.980333],[-91.455887,39.945538],[-91.446385,39.870394],[-91.432919,39.840554],[-91.365396,39.777266],[-91.367962,39.759124],[-91.369953,39.745042],[-91.370009,39.732524],[-91.367753,39.729029],[-91.349039,39.712316],[-91.313162,39.684907],[-91.229317,39.620853],[-91.178012,39.598196],[-91.168419,39.564928],[-91.158606,39.553048],[-91.042351,39.452062],[-90.993789,39.422959],[-90.939983,39.393555],[-90.882706,39.362254],[-90.842175,39.341932],[-90.799346,39.313087],[-90.72996,39.255894],[-90.726981,39.251173],[-90.718996,39.224973],[-90.681086,39.10059],[-90.682744,39.088348],[-90.712541,39.057064],[-90.713629,39.053977],[-90.71158,39.046798],[-90.66587,38.934195],[-90.663372,38.928042],[-90.657254,38.92027],[-90.625122,38.888654],[-90.583388,38.86903],[-90.566557,38.868847],[-90.555693,38.870785],[-90.54403,38.87505],[-90.507451,38.902767],[-90.486974,38.925982],[-90.482725,38.934712],[-90.482419,38.94446],[-90.472122,38.958838],[-90.467784,38.961809],[-90.450809,38.967758],[-90.450792,38.967764],[-90.406367,38.962554],[-90.385751,38.956848],[-90.275932,38.926453],[-90.250248,38.919344],[-90.22585,38.908923],[-90.207035,38.898954],[-90.113327,38.849306],[-90.109407,38.843548],[-90.109107,38.837448],[-90.114707,38.815048],[-90.117707,38.805748],[-90.123107,38.798048],[-90.165082,38.770618],[-90.171309,38.766549],[-90.20991,38.72605],[-90.21201,38.71175],[-90.20921,38.70275],[-90.20221,38.69345],[-90.19521,38.68755],[-90.18641,38.67475],[-90.181399,38.660378],[-90.18111,38.65955],[-90.17771,38.64275],[-90.17801,38.63375],[-90.182625,38.617989],[-90.18451,38.611551],[-90.196011,38.594451],[-90.202511,38.588651],[-90.224512,38.574651],[-90.248913,38.544752],[-90.257773,38.532008],[-90.260314,38.528352],[-90.263064,38.52022],[-90.279215,38.472453],[-90.285215,38.443453],[-90.295316,38.426753],[-90.340297,38.386998],[-90.346118,38.381853],[-90.350918,38.375053],[-90.370819,38.333554],[-90.372519,38.323354],[-90.373929,38.281853],[-90.363926,38.236355],[-90.353902,38.213855],[-90.334258,38.189932],[-90.254112,38.12199],[-90.243116,38.112669],[-90.203847,38.088753],[-90.126532,38.041666],[-90.072283,38.017001],[-89.997103,37.963225],[-89.974918,37.926719],[-89.973642,37.917661],[-89.950594,37.881526],[-89.938191,37.875111],[-89.937383,37.874693],[-89.923185,37.870672],[-89.901832,37.869822],[-89.881475,37.879591],[-89.862949,37.896906],[-89.851048,37.90398],[-89.844786,37.905572],[-89.739873,37.84693],[-89.674304,37.803179],[-89.671255,37.801144],[-89.515436,37.67137],[-89.506563,37.62505],[-89.511936,37.584564],[-89.518007,37.583962],[-89.521274,37.578971],[-89.521407,37.572143],[-89.521523,37.566208],[-89.521697,37.557325],[-89.517051,37.537278],[-89.492051,37.494008],[-89.475525,37.471388],[-89.450969,37.450069],[-89.439769,37.4372],[-89.42594,37.407471],[-89.421054,37.387668],[-89.428185,37.356158],[-89.432836,37.347056],[-89.43604,37.344441],[-89.447556,37.340475],[-89.474569,37.338165],[-89.484598,37.334832],[-89.489005,37.333368],[-89.511842,37.310825],[-89.518393,37.289354],[-89.517032,37.28192],[-89.491222,37.248629],[-89.467631,37.2182],[-89.414471,37.12505],[-89.385434,37.05513],[-89.383937,37.046441],[-89.378277,37.039605],[-89.322733,37.009033],[-89.29213,36.992189],[-89.278628,36.98867],[-89.271127,36.985287],[-89.261154,36.982437],[-89.245481,36.98315],[-89.226247,36.985287],[-89.207013,36.982437],[-89.185491,36.973518],[-89.170008,36.970298],[-89.132685,36.9822],[-89.100794,36.944006],[-89.100766,36.943973],[-89.147674,36.847148],[-89.177177,36.835779],[-89.178574,36.816554],[-89.179229,36.812915],[-89.12353,36.785309],[-89.123548,36.78522],[-89.130399,36.751702],[-89.142313,36.755369],[-89.169106,36.759473],[-89.184523,36.753638],[-89.197808,36.739412],[-89.201047,36.725772],[-89.19948,36.716045],[-89.171882,36.672526],[-89.174733,36.650476],[-89.174741,36.650416],[-89.187749,36.641115],[-89.197654,36.628936],[-89.200902,36.618177],[-89.202607,36.601576],[-89.213563,36.580119],[-89.227319,36.569375],[-89.236542,36.566824],[-89.259994,36.565149],[-89.27171,36.571387],[-89.294637,36.593729],[-89.313405,36.62012],[-89.326731,36.632186],[-89.327578,36.632127],[-89.343753,36.630991],[-89.365548,36.625059],[-89.376367,36.613868],[-89.38814,36.573416],[-89.400581,36.538337],[-89.417293,36.499033],[-89.429311,36.481875],[-89.448468,36.46442],[-89.460436,36.45814],[-89.471718,36.457001],[-89.486215,36.46162],[-89.493198,36.470124],[-89.493495,36.4787],[-89.485106,36.497692],[-89.47246,36.513741],[-89.465888,36.529946],[-89.465445,36.536163],[-89.467761,36.546847],[-89.473341,36.559918],[-89.479093,36.568206],[-89.484836,36.571821],[-89.500076,36.576305],[-89.527583,36.581147],[-89.546113,36.579989],[-89.55264,36.577178],[-89.566817,36.564216],[-89.571509,36.552569],[-89.570071,36.544387],[-89.560344,36.525436],[-89.5391,36.498201],[-89.522674,36.481305],[-89.519501,36.475419],[-89.509558,36.375065],[-89.513178,36.359897],[-89.519,36.3486],[-89.531822,36.339246],[-89.545006,36.336809]]],"type":"Polygon"}},{"_id":"oklahoma","type":"Feature","properties":{"name":"Oklahoma","abbreviation":"OK","capital":"Oklahoma City","city":"Oklahoma City","population":3850568,"area":181038,"waterarea":3377,"landarea":177660,"houseseats":5,"statehood":"1907-11-16","group":"US States"},"geometry":{"coordinates":[[[-100.000381,34.746358],[-100.000381,34.746461],[-100.000384,35.030385],[-100.000385,35.182702],[-100.000389,35.422364],[-100.000392,35.619115],[-100.000396,35.880948],[-100.000399,36.055677],[-100.000406,36.499702],[-100.003762,36.499699],[-100.090021,36.499634],[-100.181221,36.499633],[-100.310643,36.499642],[-100.311018,36.499688],[-100.311245,36.499631],[-100.32415,36.499679],[-100.334441,36.49944],[-100.334464,36.49942],[-100.351842,36.499473],[-100.351852,36.499487],[-100.378592,36.499445],[-100.378634,36.499517],[-100.41355,36.499469],[-100.413634,36.499444],[-100.421301,36.499488],[-100.421328,36.499447],[-100.433959,36.499456],[-100.441064,36.499462],[-100.441065,36.49949],[-100.522227,36.499291],[-100.530314,36.499357],[-100.530478,36.49924],[-100.531215,36.49929],[-100.531215,36.499341],[-100.546145,36.499343],[-100.578114,36.499439],[-100.578114,36.499463],[-100.583379,36.499443],[-100.583539,36.499483],[-100.592551,36.499429],[-100.592556,36.499469],[-100.592614,36.499469],[-100.648344,36.499463],[-100.648343,36.499495],[-100.657763,36.4995],[-100.657763,36.499483],[-100.708628,36.499521],[-100.708626,36.499553],[-100.724361,36.499558],[-100.724362,36.49958],[-100.761811,36.49958],[-100.761811,36.499618],[-100.802886,36.499621],[-100.802909,36.499621],[-100.806172,36.499634],[-100.80619,36.499674],[-100.824218,36.499618],[-100.824236,36.499618],[-100.85084,36.4997],[-100.859657,36.499687],[-100.88408,36.499682],[-100.884174,36.499682],[-100.918513,36.499621],[-100.936058,36.499602],[-100.954153,36.499599],[-100.977088,36.499595],[-101.045331,36.49954],[-101.052418,36.499563],[-101.085156,36.499244],[-101.623915,36.499528],[-101.649966,36.499573],[-101.653708,36.499573],[-101.698685,36.499508],[-101.709314,36.499722],[-101.779435,36.499734],[-101.78061,36.499727],[-101.781987,36.499718],[-101.783359,36.499709],[-101.78811,36.499678],[-101.826498,36.499535],[-101.826565,36.499654],[-102.032339,36.500066],[-102.162463,36.500326],[-103.002434,36.500397],[-103.002565,36.526588],[-103.002188,36.602716],[-103.002252,36.61718],[-103.002518,36.675186],[-103.002198,36.719427],[-103.001964,36.909573],[-103.002247,36.911587],[-103.002199,37.000104],[-102.986976,36.998524],[-102.985807,36.998571],[-102.979613,36.998549],[-102.875481,36.999628],[-102.570896,36.995136],[-102.355367,36.994575],[-102.355288,36.994506],[-102.208316,36.99373],[-102.184271,36.993593],[-102.054503,36.993109],[-102.04224,36.993083],[-102.028207,36.993125],[-102.028204,36.993125],[-102.000447,36.993272],[-102.000447,36.993249],[-101.90244,36.993702],[-101.601593,36.995095],[-101.600396,36.995153],[-101.55526,36.995414],[-101.555239,36.995414],[-101.519066,36.995546],[-101.485326,36.995611],[-101.415005,36.995966],[-101.413868,36.996008],[-101.37818,36.996164],[-101.359674,36.996232],[-101.357797,36.996271],[-101.212909,36.997044],[-101.211486,36.997124],[-101.066742,36.997921],[-101.053589,36.997967],[-101.012641,36.998176],[-100.996502,36.998044],[-100.945566,36.998152],[-100.945469,36.998153],[-100.904588,36.998561],[-100.904274,36.998745],[-100.89166,36.998604],[-100.855634,36.998626],[-100.814277,36.999085],[-100.806116,36.999091],[-100.765484,36.999177],[-100.756894,36.999357],[-100.675552,36.999688],[-100.633327,36.999936],[-100.633323,36.999936],[-100.62977,37.000025],[-100.591413,37.000399],[-100.591328,37.000376],[-100.552683,37.000735],[-100.551598,37.00062],[-100.201676,37.002081],[-100.193754,37.002133],[-100.192371,37.002036],[-100.187547,37.002082],[-100.115722,37.002206],[-100.089484,37.002092],[-100.005706,37.001726],[-100.002563,37.001706],[-100.001286,37.001699],[-99.995201,37.001631],[-99.786016,37.000931],[-99.774816,37.000841],[-99.774255,37.000837],[-99.657658,37.000197],[-99.625399,36.999671],[-99.558068,36.999528],[-99.541116,36.999573],[-99.508574,36.999658],[-99.504093,36.999648],[-99.502665,36.999645],[-99.500395,36.999637],[-99.500395,36.999576],[-99.484333,36.999626],[-99.456203,36.999471],[-99.277506,36.999579],[-99.24812,36.999565],[-99.129449,36.999422],[-99.124883,36.99942],[-99.029337,36.999595],[-99.000303,36.99951],[-98.994371,36.999493],[-98.88058,36.999309],[-98.880009,36.999263],[-98.869449,36.999286],[-98.797452,36.999229],[-98.793711,36.999227],[-98.791936,36.999255],[-98.761597,36.999425],[-98.718465,36.99918],[-98.714512,36.99906],[-98.544872,36.998997],[-98.54466,36.998996],[-98.420209,36.998516],[-98.418268,36.998538],[-98.408991,36.998513],[-98.354073,36.997961],[-98.347149,36.997962],[-98.346188,36.997962],[-98.237712,36.997972],[-98.219499,36.997824],[-98.208218,36.997997],[-98.177596,36.998009],[-98.147452,36.998162],[-98.111985,36.998133],[-98.045342,36.998327],[-98.03989,36.998349],[-98.033955,36.998366],[-97.802313,36.998713],[-97.802298,36.998713],[-97.783489,36.998847],[-97.783432,36.998961],[-97.768704,36.99875],[-97.697104,36.998826],[-97.650466,36.999004],[-97.637137,36.99909],[-97.606549,36.998682],[-97.564536,36.998711],[-97.546498,36.998747],[-97.5459,36.998709],[-97.527292,36.99875],[-97.472861,36.998721],[-97.462346,36.998685],[-97.46228,36.998685],[-97.384925,36.998843],[-97.372421,36.998861],[-97.147721,36.999111],[-97.122597,36.999036],[-97.120285,36.999014],[-97.104276,36.99902],[-97.100652,36.998998],[-97.039784,36.999],[-97.030082,36.998929],[-96.975562,36.999019],[-96.967371,36.999067],[-96.934642,36.99907],[-96.921915,36.999151],[-96.917093,36.999182],[-96.90351,36.999132],[-96.902083,36.999155],[-96.87629,36.999233],[-96.867517,36.999217],[-96.822791,36.999182],[-96.795199,36.99886],[-96.79206,36.99918],[-96.749838,36.998988],[-96.74127,36.999239],[-96.73659,36.999286],[-96.710482,36.999271],[-96.705431,36.999203],[-96.525493,36.999147],[-96.415412,36.999113],[-96.394272,36.999221],[-96.279079,36.999272],[-96.276368,36.999271],[-96.217571,36.99907],[-96.200028,36.999028],[-96.184768,36.999211],[-96.154017,36.999161],[-96.152384,36.999051],[-96.149709,36.99904],[-96.147143,36.999022],[-96.143207,36.999134],[-96.14121,36.998973],[-96.00081,36.99886],[-95.96427,36.999094],[-95.936992,36.999268],[-95.928122,36.999245],[-95.91018,36.999336],[-95.877151,36.999304],[-95.875257,36.999302],[-95.873944,36.9993],[-95.866899,36.999261],[-95.80798,36.999124],[-95.786762,36.99931],[-95.768719,36.999205],[-95.759905,36.999271],[-95.741908,36.999244],[-95.718054,36.999255],[-95.714887,36.999279],[-95.71038,36.999371],[-95.696659,36.999215],[-95.686452,36.999349],[-95.664301,36.999322],[-95.630079,36.99932],[-95.62435,36.99936],[-95.615934,36.999365],[-95.61214,36.999321],[-95.573598,36.99931],[-95.534401,36.999332],[-95.522415,36.999281],[-95.511578,36.999235],[-95.407683,36.999241],[-95.407572,36.999241],[-95.33121,36.99938],[-95.328327,36.999366],[-95.328058,36.999365],[-95.322565,36.999358],[-95.195307,36.999565],[-95.177301,36.99952],[-95.155372,36.99954],[-95.155187,36.999539],[-95.073509,36.999509],[-95.073504,36.999509],[-95.049499,36.99958],[-95.037857,36.999497],[-95.030324,36.999517],[-95.011433,36.999535],[-95.00762,36.999514],[-94.995293,36.999529],[-94.853197,36.998874],[-94.849801,36.998876],[-94.840926,36.998833],[-94.83128,36.998812],[-94.777257,36.998764],[-94.739324,36.998687],[-94.737183,36.998665],[-94.71277,36.998794],[-94.701797,36.998814],[-94.699735,36.998805],[-94.61808,36.998135],[-94.618049,36.996208],[-94.618031,36.994704],[-94.618026,36.950158],[-94.618109,36.946564],[-94.618166,36.937584],[-94.618295,36.929647],[-94.618207,36.926236],[-94.618282,36.911472],[-94.618243,36.897027],[-94.618658,36.880064],[-94.61838,36.84732],[-94.618307,36.76656],[-94.61813,36.701423],[-94.618025,36.66943],[-94.618019,36.667921],[-94.617815,36.612604],[-94.617865,36.606851],[-94.617853,36.59912],[-94.617814,36.577732],[-94.617897,36.536983],[-94.617868,36.53609],[-94.617997,36.53428],[-94.617883,36.517799],[-94.617877,36.514999],[-94.617919,36.499414],[-94.615311,36.484992],[-94.61383,36.476248],[-94.611609,36.461528],[-94.605408,36.421949],[-94.602623,36.405283],[-94.601984,36.40212],[-94.599723,36.387587],[-94.593397,36.345742],[-94.5862,36.299969],[-94.577883,36.25008],[-94.577899,36.249548],[-94.576003,36.24007],[-94.575071,36.233682],[-94.57488,36.232741],[-94.574395,36.229996],[-94.571806,36.213748],[-94.571253,36.210901],[-94.566588,36.183774],[-94.565655,36.178439],[-94.562828,36.161895],[-94.562803,36.161749],[-94.561165,36.15211],[-94.552184,36.102235],[-94.547871,36.078281],[-94.547715,36.077271],[-94.535724,36.007807],[-94.534852,36.002678],[-94.533646,35.996804],[-94.532071,35.987852],[-94.528305,35.966054],[-94.528162,35.965665],[-94.52464,35.945727],[-94.524344,35.94405],[-94.52291,35.936127],[-94.522634,35.934892],[-94.522658,35.934799],[-94.522658,35.93425],[-94.507631,35.845901],[-94.505642,35.833628],[-94.504438,35.826369],[-94.503011,35.81721],[-94.501162,35.80643],[-94.500764,35.80382],[-94.500526,35.802642],[-94.499647,35.79691],[-94.499045,35.79346],[-94.494549,35.768303],[-94.493362,35.761892],[-94.492932,35.759166],[-94.48821,35.72924],[-94.487585,35.726147],[-94.472647,35.638556],[-94.465272,35.594037],[-94.464457,35.588909],[-94.464097,35.587265],[-94.463318,35.58266],[-94.431789,35.397659],[-94.431215,35.39429],[-94.433915,35.387391],[-94.433742,35.386467],[-94.432685,35.380806],[-94.431815,35.362891],[-94.434115,35.306493],[-94.43517,35.291494],[-94.43528,35.287485],[-94.435316,35.275893],[-94.435706,35.274267],[-94.435812,35.2713],[-94.437578,35.242202],[-94.437774,35.239271],[-94.438247,35.210992],[-94.43847,35.208587],[-94.439084,35.197298],[-94.439056,35.193588],[-94.439509,35.171807],[-94.43955,35.169037],[-94.440754,35.128806],[-94.441232,35.119724],[-94.447889,34.933941],[-94.449253,34.895869],[-94.449086,34.894152],[-94.449058,34.890556],[-94.44963,34.875253],[-94.450065,34.861335],[-94.45014,34.858694],[-94.450233,34.855413],[-94.454576,34.728962],[-94.45753,34.642961],[-94.4575,34.634945],[-94.460052,34.547869],[-94.460058,34.545264],[-94.461149,34.507457],[-94.463671,34.419585],[-94.463816,34.414465],[-94.464176,34.402713],[-94.465425,34.359548],[-94.465847,34.352073],[-94.470292,34.189864],[-94.474896,34.021877],[-94.474896,34.021838],[-94.474895,34.019655],[-94.476957,33.957365],[-94.477038,33.953838],[-94.477318,33.940932],[-94.477387,33.937759],[-94.478842,33.881485],[-94.478994,33.881197],[-94.479954,33.85133],[-94.480574,33.830166],[-94.481355,33.802887],[-94.481361,33.802649],[-94.481543,33.795719],[-94.481842,33.789008],[-94.482682,33.756286],[-94.482777,33.753638],[-94.482862,33.75078],[-94.48287,33.750564],[-94.483874,33.716733],[-94.48384,33.711332],[-94.484616,33.691592],[-94.48452,33.687909],[-94.485528,33.663388],[-94.485577,33.65331],[-94.485875,33.637867],[-94.487611,33.628544],[-94.490684,33.625586],[-94.524055,33.615765],[-94.52838,33.615995],[-94.660964,33.660322],[-94.735128,33.691267],[-94.746096,33.703016],[-94.760604,33.727054],[-94.822473,33.732716],[-94.8693,33.745871],[-95.039452,33.860621],[-95.062284,33.903618],[-95.063459,33.91404],[-95.067253,33.917351],[-95.129572,33.936718],[-95.155981,33.944027],[-95.219358,33.961567],[-95.226393,33.961954],[-95.231113,33.960361],[-95.252906,33.933648],[-95.253623,33.92971],[-95.249807,33.922241],[-95.2482,33.912327],[-95.249922,33.902024],[-95.255541,33.892047],[-95.260815,33.887653],[-95.287565,33.873617],[-95.310475,33.871481],[-95.339758,33.868752],[-95.407795,33.866308],[-95.445751,33.86885],[-95.544346,33.880111],[-95.548325,33.882744],[-95.552085,33.888422],[-95.552331,33.89442],[-95.549475,33.901311],[-95.549145,33.90795],[-95.559414,33.930179],[-95.567022,33.932697],[-95.599678,33.934247],[-95.757156,33.867293],[-95.763622,33.847954],[-95.82468,33.837726],[-95.846334,33.841136],[-95.949935,33.857452],[-96.097526,33.847544],[-96.14807,33.837799],[-96.156717,33.813324],[-96.1641,33.784261],[-96.170055,33.76917],[-96.181704,33.758504],[-96.1999,33.752117],[-96.220521,33.74739],[-96.229859,33.74832],[-96.304675,33.745901],[-96.36959,33.716809],[-96.378473,33.726648],[-96.423362,33.776365],[-96.436455,33.78005],[-96.448045,33.781031],[-96.500268,33.772583],[-96.612925,33.833939],[-96.61487,33.841234],[-96.615843,33.853393],[-96.612963,33.867651],[-96.611466,33.875278],[-96.613494,33.878321],[-96.615356,33.881114],[-96.622165,33.885977],[-96.633351,33.889382],[-96.646968,33.895218],[-96.65864,33.900081],[-96.672258,33.899595],[-96.67858,33.892786],[-96.682471,33.883059],[-96.685389,33.872846],[-96.68928,33.86166],[-96.694629,33.849988],[-96.700952,33.840748],[-96.707274,33.835398],[-96.712422,33.831633],[-96.761588,33.824406],[-96.85609,33.84749],[-96.866438,33.853149],[-96.88301,33.868019],[-96.895728,33.896414],[-96.899442,33.933728],[-96.907387,33.950025],[-96.9163,33.957798],[-96.922114,33.959579],[-96.934508,33.953748],[-96.944611,33.948994],[-96.97287,33.935698],[-96.985567,33.886522],[-97.00613,33.861884],[-97.047972,33.817931],[-97.092414,33.733214],[-97.097154,33.727809],[-97.107183,33.721119],[-97.121102,33.717174],[-97.13753,33.718664],[-97.151257,33.722608],[-97.162803,33.729127],[-97.163149,33.729322],[-97.172192,33.737545],[-97.204827,33.799908],[-97.204995,33.81887],[-97.1997,33.827322],[-97.194678,33.831192],[-97.18137,33.831375],[-97.171627,33.835335],[-97.166824,33.840395],[-97.166629,33.847311],[-97.180845,33.895204],[-97.185458,33.9007],[-97.210921,33.916064],[-97.226522,33.914642],[-97.310843,33.872461],[-97.372941,33.819454],[-97.426493,33.819398],[-97.444193,33.823773],[-97.453057,33.828536],[-97.459068,33.834581],[-97.462857,33.841772],[-97.461486,33.84956],[-97.457617,33.855126],[-97.451469,33.87093],[-97.450954,33.891398],[-97.458069,33.901635],[-97.484071,33.91568],[-97.486505,33.916994],[-97.50096,33.919643],[-97.519171,33.913638],[-97.545526,33.900396],[-97.555002,33.897282],[-97.561054,33.898006],[-97.581041,33.900396],[-97.587441,33.902479],[-97.596289,33.913769],[-97.597115,33.917868],[-97.588828,33.951882],[-97.589598,33.953554],[-97.609091,33.968093],[-97.65621,33.989488],[-97.671772,33.99137],[-97.688023,33.986607],[-97.69311,33.983699],[-97.700477,33.972246],[-97.733723,33.936392],[-97.785317,33.890701],[-97.834333,33.857671],[-97.865765,33.849393],[-97.877387,33.850236],[-97.966706,33.881949],[-97.97781,33.889894],[-97.977859,33.889929],[-97.953395,33.936445],[-97.94573,33.989839],[-97.983521,34.001559],[-98.019485,33.993804],[-98.041117,33.993456],[-98.08526,34.003259],[-98.088203,34.005481],[-98.106261,34.033696],[-98.16912,34.114171],[-98.200075,34.116783],[-98.293901,34.13302],[-98.300209,34.134579],[-98.325445,34.151025],[-98.364023,34.157109],[-98.383222,34.147806],[-98.398441,34.128456],[-98.400494,34.121778],[-98.433769,34.096116],[-98.475066,34.064269],[-98.504182,34.072371],[-98.553717,34.13366],[-98.577356,34.1491],[-98.599789,34.160571],[-98.610112,34.161039],[-98.637575,34.162284],[-98.652347,34.161029],[-98.665824,34.151617],[-98.700182,34.135995],[-98.76557,34.136376],[-98.858419,34.152732],[-98.920042,34.182908],[-98.952527,34.195621],[-98.966743,34.201185],[-99.060344,34.204761],[-99.119204,34.201747],[-99.157114,34.207414],[-99.19089,34.215251],[-99.211648,34.292232],[-99.2116,34.31397],[-99.209724,34.324935],[-99.211396,34.337688],[-99.211423,34.337897],[-99.261321,34.403499],[-99.356713,34.442144],[-99.398635,34.375832],[-99.407168,34.372605],[-99.44076,34.374123],[-99.453477,34.388756],[-99.474161,34.398052],[-99.499875,34.409608],[-99.515385,34.414333],[-99.574367,34.418281],[-99.58006,34.416653],[-99.616793,34.375391],[-99.663948,34.37368],[-99.69497,34.378333],[-99.767234,34.430502],[-99.793684,34.453894],[-99.846399,34.505045],[-99.864922,34.523018],[-99.872357,34.532096],[-99.874403,34.537095],[-99.884842,34.546953],[-99.923211,34.574552],[-99.94572,34.579273],[-99.954567,34.578195],[-99.997853,34.561485],[-100.000381,34.560509],[-100.000381,34.746358]]],"type":"Polygon"}},{"_id":"texas","type":"Feature","properties":{"name":"Texas","abbreviation":"TX","capital":"Austin","city":"Houston","population":26448193,"area":695660,"waterarea":19075,"landarea":676588,"houseseats":36,"statehood":"1845-12-29","group":"US States"},"geometry":{"coordinates":[[[[-96.83003,28.111842],[-96.827049,28.112417],[-96.816574,28.119618],[-96.81042,28.126034],[-96.810944,28.136378],[-96.816836,28.158048],[-96.820315,28.163494],[-96.822859,28.167476],[-96.818656,28.17228],[-96.816443,28.174808],[-96.791958,28.188687],[-96.733037,28.190913],[-96.703838,28.198246],[-96.697422,28.202959],[-96.702659,28.211208],[-96.703314,28.216446],[-96.686816,28.21841],[-96.662462,28.227314],[-96.660628,28.228885],[-96.663116,28.233206],[-96.651856,28.251275],[-96.607992,28.27707],[-96.608123,28.280081],[-96.611527,28.281391],[-96.61048,28.283093],[-96.592934,28.296972],[-96.581019,28.30221],[-96.55326,28.302341],[-96.546975,28.305614],[-96.542131,28.315958],[-96.528906,28.322505],[-96.476269,28.330754],[-96.450998,28.337039],[-96.434108,28.344764],[-96.418919,28.354846],[-96.415253,28.362833],[-96.417217,28.367154],[-96.412896,28.369511],[-96.403206,28.371475],[-96.401242,28.366892],[-96.397846,28.343513],[-96.4137,28.327343],[-96.439099,28.319052],[-96.547774,28.270798],[-96.621534,28.2297],[-96.694666,28.18212],[-96.758141,28.136873],[-96.849624,28.064939],[-96.853455,28.061345],[-96.929053,27.99044],[-96.966996,27.950531],[-97.001441,27.911442],[-97.03166,27.869975],[-97.041799,27.852926],[-97.045409,27.837452],[-97.04598,27.835004],[-97.085395,27.793245],[-97.116277,27.752599],[-97.166682,27.676583],[-97.201866,27.614858],[-97.221912,27.576315],[-97.276091,27.472145],[-97.30447,27.407734],[-97.326523,27.347612],[-97.347438,27.277963],[-97.350398,27.268105],[-97.363401,27.210366],[-97.370941,27.161166],[-97.377001,27.101021],[-97.37913,27.047996],[-97.378362,26.992877],[-97.370731,26.909706],[-97.364726,26.871693],[-97.351413,26.808604],[-97.333028,26.736479],[-97.30069,26.635375],[-97.287885,26.600341],[-97.275119,26.565415],[-97.269392,26.554046],[-97.229844,26.433569],[-97.223728,26.411492],[-97.194644,26.306513],[-97.185844,26.267103],[-97.173265,26.192314],[-97.161471,26.088705],[-97.154271,26.066841],[-97.161462,26.06764],[-97.169842,26.077853],[-97.171781,26.102522],[-97.179532,26.146202],[-97.178746,26.177103],[-97.183983,26.214289],[-97.194458,26.27164],[-97.214885,26.353606],[-97.226931,26.385555],[-97.240286,26.405981],[-97.240849,26.411504],[-97.243167,26.434263],[-97.247619,26.456261],[-97.254166,26.471188],[-97.262546,26.482972],[-97.276425,26.521729],[-97.292399,26.528014],[-97.31073,26.556558],[-97.308112,26.571223],[-97.308635,26.576723],[-97.317015,26.597673],[-97.318458,26.60027],[-97.324872,26.611814],[-97.338489,26.647429],[-97.336394,26.666022],[-97.345822,26.700589],[-97.363105,26.71054],[-97.370438,26.723896],[-97.370961,26.736204],[-97.367557,26.740394],[-97.364153,26.758987],[-97.364646,26.767122],[-97.368866,26.774699],[-97.370438,26.781508],[-97.368343,26.795649],[-97.373056,26.808481],[-97.387459,26.820789],[-97.383531,26.875521],[-97.385626,26.888876],[-97.391649,26.90197],[-97.389554,26.945965],[-97.39034,27.052286],[-97.389816,27.067213],[-97.386412,27.083187],[-97.387459,27.090519],[-97.390602,27.094186],[-97.390078,27.156512],[-97.377508,27.199459],[-97.379865,27.202863],[-97.386674,27.204696],[-97.382222,27.229051],[-97.37489,27.250262],[-97.373318,27.27645],[-97.372861,27.278069],[-97.367033,27.298709],[-97.364676,27.302637],[-97.359963,27.304732],[-97.357606,27.307875],[-97.36232,27.32673],[-97.366771,27.333276],[-97.361796,27.359988],[-97.346607,27.390365],[-97.336132,27.402411],[-97.331157,27.412362],[-97.329585,27.418124],[-97.330895,27.425456],[-97.329847,27.43436],[-97.317277,27.46369],[-97.293709,27.497209],[-97.282972,27.521564],[-97.266474,27.542514],[-97.257832,27.556393],[-97.26176,27.563464],[-97.260451,27.567392],[-97.252071,27.578652],[-97.247877,27.581366],[-97.247619,27.581533],[-97.236882,27.598293],[-97.241072,27.602483],[-97.242643,27.607458],[-97.231383,27.632336],[-97.221955,27.63286],[-97.219075,27.630241],[-97.214099,27.631551],[-97.200743,27.650144],[-97.197339,27.664547],[-97.197601,27.678426],[-97.203474,27.684533],[-97.203089,27.688001],[-97.190007,27.692829],[-97.170628,27.720326],[-97.166176,27.732372],[-97.1612,27.734074],[-97.153606,27.733289],[-97.147321,27.735384],[-97.130823,27.75162],[-97.127942,27.75581],[-97.127681,27.76],[-97.103326,27.789068],[-97.102279,27.798233],[-97.098874,27.808447],[-97.092851,27.81447],[-97.092589,27.819183],[-97.098874,27.82285],[-97.126109,27.819707],[-97.130299,27.820493],[-97.134489,27.825206],[-97.132394,27.827301],[-97.056713,27.842294],[-97.055823,27.843404],[-97.043226,27.859119],[-97.013634,27.90678],[-97.017955,27.911494],[-97.016384,27.917255],[-96.985745,27.954048],[-96.977889,27.976439],[-96.978805,27.978272],[-96.9809,27.978272],[-96.986007,27.976177],[-96.986661,27.980759],[-96.978282,28.001709],[-96.967807,28.020041],[-96.966759,28.020368],[-96.965188,28.013297],[-96.962569,28.012381],[-96.952618,28.01644],[-96.946988,28.026522],[-96.932454,28.035426],[-96.92643,28.043413],[-96.929573,28.0514],[-96.927085,28.057292],[-96.906004,28.076147],[-96.890947,28.076802],[-96.886233,28.084396],[-96.888328,28.086622],[-96.889113,28.099454],[-96.886887,28.11713],[-96.879424,28.131402],[-96.874972,28.133236],[-96.870782,28.131271],[-96.864628,28.126296],[-96.857165,28.115559],[-96.84538,28.108881],[-96.83003,28.111842]]],[[[-100.000381,34.746461],[-100.000381,34.746358],[-100.000381,34.560509],[-99.997853,34.561485],[-99.954567,34.578195],[-99.94572,34.579273],[-99.923211,34.574552],[-99.884842,34.546953],[-99.874403,34.537095],[-99.872357,34.532096],[-99.864922,34.523018],[-99.846399,34.505045],[-99.793684,34.453894],[-99.767234,34.430502],[-99.69497,34.378333],[-99.663948,34.37368],[-99.616793,34.375391],[-99.58006,34.416653],[-99.574367,34.418281],[-99.515385,34.414333],[-99.499875,34.409608],[-99.474161,34.398052],[-99.453477,34.388756],[-99.44076,34.374123],[-99.407168,34.372605],[-99.398635,34.375832],[-99.356713,34.442144],[-99.261321,34.403499],[-99.211423,34.337897],[-99.211396,34.337688],[-99.209724,34.324935],[-99.2116,34.31397],[-99.211648,34.292232],[-99.19089,34.215251],[-99.157114,34.207414],[-99.119204,34.201747],[-99.060344,34.204761],[-98.966743,34.201185],[-98.952527,34.195621],[-98.920042,34.182908],[-98.858419,34.152732],[-98.76557,34.136376],[-98.700182,34.135995],[-98.665824,34.151617],[-98.652347,34.161029],[-98.637575,34.162284],[-98.610112,34.161039],[-98.599789,34.160571],[-98.577356,34.1491],[-98.553717,34.13366],[-98.504182,34.072371],[-98.475066,34.064269],[-98.433769,34.096116],[-98.400494,34.121778],[-98.398441,34.128456],[-98.383222,34.147806],[-98.364023,34.157109],[-98.325445,34.151025],[-98.300209,34.134579],[-98.293901,34.13302],[-98.200075,34.116783],[-98.16912,34.114171],[-98.106261,34.033696],[-98.088203,34.005481],[-98.08526,34.003259],[-98.041117,33.993456],[-98.019485,33.993804],[-97.983521,34.001559],[-97.94573,33.989839],[-97.953395,33.936445],[-97.977859,33.889929],[-97.97781,33.889894],[-97.966706,33.881949],[-97.877387,33.850236],[-97.865765,33.849393],[-97.834333,33.857671],[-97.785317,33.890701],[-97.733723,33.936392],[-97.700477,33.972246],[-97.69311,33.983699],[-97.688023,33.986607],[-97.671772,33.99137],[-97.65621,33.989488],[-97.609091,33.968093],[-97.589598,33.953554],[-97.588828,33.951882],[-97.597115,33.917868],[-97.596289,33.913769],[-97.587441,33.902479],[-97.581041,33.900396],[-97.561054,33.898006],[-97.555002,33.897282],[-97.545526,33.900396],[-97.519171,33.913638],[-97.50096,33.919643],[-97.486505,33.916994],[-97.484071,33.91568],[-97.458069,33.901635],[-97.450954,33.891398],[-97.451469,33.87093],[-97.457617,33.855126],[-97.461486,33.84956],[-97.462857,33.841772],[-97.459068,33.834581],[-97.453057,33.828536],[-97.444193,33.823773],[-97.426493,33.819398],[-97.372941,33.819454],[-97.310843,33.872461],[-97.226522,33.914642],[-97.210921,33.916064],[-97.185458,33.9007],[-97.180845,33.895204],[-97.166629,33.847311],[-97.166824,33.840395],[-97.171627,33.835335],[-97.18137,33.831375],[-97.194678,33.831192],[-97.1997,33.827322],[-97.204995,33.81887],[-97.204827,33.799908],[-97.172192,33.737545],[-97.163149,33.729322],[-97.162803,33.729127],[-97.151257,33.722608],[-97.13753,33.718664],[-97.121102,33.717174],[-97.107183,33.721119],[-97.097154,33.727809],[-97.092414,33.733214],[-97.047972,33.817931],[-97.00613,33.861884],[-96.985567,33.886522],[-96.97287,33.935698],[-96.944611,33.948994],[-96.934508,33.953748],[-96.922114,33.959579],[-96.9163,33.957798],[-96.907387,33.950025],[-96.899442,33.933728],[-96.895728,33.896414],[-96.88301,33.868019],[-96.866438,33.853149],[-96.85609,33.84749],[-96.761588,33.824406],[-96.712422,33.831633],[-96.707274,33.835398],[-96.700952,33.840748],[-96.694629,33.849988],[-96.68928,33.86166],[-96.685389,33.872846],[-96.682471,33.883059],[-96.67858,33.892786],[-96.672258,33.899595],[-96.65864,33.900081],[-96.646968,33.895218],[-96.633351,33.889382],[-96.622165,33.885977],[-96.615356,33.881114],[-96.613494,33.878321],[-96.611466,33.875278],[-96.612963,33.867651],[-96.615843,33.853393],[-96.61487,33.841234],[-96.612925,33.833939],[-96.500268,33.772583],[-96.448045,33.781031],[-96.436455,33.78005],[-96.423362,33.776365],[-96.378473,33.726648],[-96.36959,33.716809],[-96.304675,33.745901],[-96.229859,33.74832],[-96.220521,33.74739],[-96.1999,33.752117],[-96.181704,33.758504],[-96.170055,33.76917],[-96.1641,33.784261],[-96.156717,33.813324],[-96.14807,33.837799],[-96.097526,33.847544],[-95.949935,33.857452],[-95.846334,33.841136],[-95.82468,33.837726],[-95.763622,33.847954],[-95.757156,33.867293],[-95.599678,33.934247],[-95.567022,33.932697],[-95.559414,33.930179],[-95.549145,33.90795],[-95.549475,33.901311],[-95.552331,33.89442],[-95.552085,33.888422],[-95.548325,33.882744],[-95.544346,33.880111],[-95.445751,33.86885],[-95.407795,33.866308],[-95.339758,33.868752],[-95.310475,33.871481],[-95.287565,33.873617],[-95.260815,33.887653],[-95.255541,33.892047],[-95.249922,33.902024],[-95.2482,33.912327],[-95.249807,33.922241],[-95.253623,33.92971],[-95.252906,33.933648],[-95.231113,33.960361],[-95.226393,33.961954],[-95.219358,33.961567],[-95.155981,33.944027],[-95.129572,33.936718],[-95.067253,33.917351],[-95.063459,33.91404],[-95.062284,33.903618],[-95.039452,33.860621],[-94.8693,33.745871],[-94.822473,33.732716],[-94.760604,33.727054],[-94.746096,33.703016],[-94.735128,33.691267],[-94.660964,33.660322],[-94.52838,33.615995],[-94.524055,33.615765],[-94.490684,33.625586],[-94.487611,33.628544],[-94.485875,33.637867],[-94.478366,33.620847],[-94.470963,33.60594],[-94.464336,33.598819],[-94.409329,33.568265],[-94.355945,33.54318],[-94.257801,33.582508],[-94.252656,33.586144],[-94.181805,33.593217],[-94.085243,33.575546],[-94.066846,33.568909],[-94.04345,33.552253],[-94.043428,33.551425],[-94.043375,33.542315],[-94.043009,33.493039],[-94.043279,33.49103],[-94.043188,33.470324],[-94.042988,33.435824],[-94.042988,33.431024],[-94.042887,33.420225],[-94.043053,33.377716],[-94.042869,33.37117],[-94.043128,33.358757],[-94.043067,33.352097],[-94.043067,33.347351],[-94.043067,33.330498],[-94.04299,33.271243],[-94.04299,33.271227],[-94.04305,33.260904],[-94.043004,33.250128],[-94.04273,33.241823],[-94.042876,33.215219],[-94.042892,33.202666],[-94.042875,33.199785],[-94.043185,33.143476],[-94.043077,33.138162],[-94.043007,33.13389],[-94.04287,33.092727],[-94.043036,33.079485],[-94.042964,33.019219],[-94.043088,32.955592],[-94.043067,32.937903],[-94.043092,32.910021],[-94.042885,32.898911],[-94.042859,32.892771],[-94.042886,32.881089],[-94.042886,32.880965],[-94.043025,32.880446],[-94.042785,32.871486],[-94.043026,32.797476],[-94.042747,32.786973],[-94.042829,32.785277],[-94.042938,32.780558],[-94.043027,32.776863],[-94.042947,32.767991],[-94.043147,32.693031],[-94.043147,32.69303],[-94.042913,32.655127],[-94.04278,32.643466],[-94.042824,32.640305],[-94.042926,32.622015],[-94.042929,32.61826],[-94.042919,32.610142],[-94.043083,32.564261],[-94.043142,32.559502],[-94.043081,32.513613],[-94.042885,32.505145],[-94.042911,32.492852],[-94.043089,32.486561],[-94.043072,32.4843],[-94.042955,32.480261],[-94.042995,32.478004],[-94.042902,32.472906],[-94.042875,32.471348],[-94.042903,32.470386],[-94.042908,32.439891],[-94.042986,32.435507],[-94.042899,32.400659],[-94.042923,32.399918],[-94.042901,32.392283],[-94.042763,32.373332],[-94.042739,32.363559],[-94.042733,32.269696],[-94.042732,32.26962],[-94.042662,32.218146],[-94.042621,32.196005],[-94.042566,32.166894],[-94.042539,32.166826],[-94.042591,32.158097],[-94.042681,32.137956],[-94.042337,32.119914],[-94.0427,32.056012],[-94.04272,31.999265],[-94.01563,31.979856],[-93.975377,31.92366],[-93.932135,31.893672],[-93.92029,31.888651],[-93.889193,31.856819],[-93.878225,31.844276],[-93.840029,31.800596],[-93.812477,31.715246],[-93.817059,31.671694],[-93.82629,31.614903],[-93.834924,31.586211],[-93.834923,31.58621],[-93.818582,31.554826],[-93.798087,31.534044],[-93.729613,31.487922],[-93.695866,31.409392],[-93.670182,31.387184],[-93.640805,31.372546],[-93.671676,31.299586],[-93.644407,31.27711],[-93.620829,31.271299],[-93.614402,31.260869],[-93.608158,31.227835],[-93.607243,31.204806],[-93.602315,31.181742],[-93.599705,31.176456],[-93.598828,31.174679],[-93.588503,31.165581],[-93.579215,31.167422],[-93.552649,31.185575],[-93.55254,31.185605],[-93.548931,31.186601],[-93.535097,31.185614],[-93.531744,31.180817],[-93.527644,31.074509],[-93.540354,31.008135],[-93.530936,30.924534],[-93.554576,30.87747],[-93.55497,30.876685],[-93.558617,30.869424],[-93.558672,30.868829],[-93.563292,30.818503],[-93.578395,30.802047],[-93.727844,30.57407],[-93.740045,30.538765],[-93.710117,30.5064],[-93.697828,30.443838],[-93.698302,30.438657],[-93.702665,30.429947],[-93.741701,30.403007],[-93.751437,30.396288],[-93.757654,30.390423],[-93.765822,30.333318],[-93.735896,30.29944],[-93.723586,30.294951],[-93.720575,30.295961],[-93.716223,30.244318],[-93.712008,30.194304],[-93.695252,30.1476],[-93.695684,30.135729],[-93.712101,30.067346],[-93.721589,30.051939],[-93.722481,30.050898],[-93.752038,30.016403],[-93.75663,30.014163],[-93.789431,29.987812],[-93.840799,29.914423],[-93.890679,29.843159],[-93.89847,29.771577],[-93.892246,29.765241],[-93.837971,29.690619],[-93.852868,29.675885],[-93.866981,29.673085],[-93.88999,29.674013],[-93.931,29.679612],[-94.001406,29.681486],[-94.056506,29.671163],[-94.132577,29.646217],[-94.354163,29.561459],[-94.370866,29.55507],[-94.500807,29.505367],[-94.594853,29.467903],[-94.631084,29.451464],[-94.670389,29.43078],[-94.694158,29.415632],[-94.708473,29.403049],[-94.723959,29.383268],[-94.731047,29.369141],[-94.744834,29.369158],[-94.761491,29.361883],[-94.778691,29.361483],[-94.782356,29.364266],[-94.783131,29.375642],[-94.766848,29.393489],[-94.7541,29.401],[-94.723818,29.426536],[-94.706365,29.436805],[-94.686386,29.466509],[-94.681541,29.471389],[-94.6724,29.476843],[-94.665853,29.478401],[-94.656737,29.478033],[-94.645948,29.473769],[-94.628217,29.475986],[-94.608557,29.483345],[-94.594211,29.492127],[-94.59544,29.507669],[-94.591407,29.513858],[-94.580274,29.525295],[-94.566674,29.531988],[-94.55399,29.529559],[-94.546994,29.524379],[-94.532348,29.5178],[-94.511045,29.51965],[-94.495025,29.525031],[-94.503429,29.54325],[-94.509487,29.54259],[-94.511086,29.542971],[-94.522421,29.545672],[-94.523743,29.545987],[-94.526336,29.552634],[-94.532021,29.558379],[-94.541108,29.567561],[-94.542532,29.569],[-94.546385,29.572048],[-94.553988,29.573882],[-94.570006,29.572232],[-94.570593,29.571878],[-94.570867,29.571713],[-94.578211,29.567281],[-94.593518,29.561319],[-94.610147,29.556947],[-94.618028,29.554875],[-94.621819,29.553878],[-94.621953,29.553843],[-94.62589,29.552808],[-94.682706,29.539825],[-94.689353,29.538306],[-94.691625,29.537787],[-94.718276,29.533547],[-94.740699,29.525858],[-94.755514,29.524776],[-94.757689,29.524617],[-94.757788,29.524626],[-94.757883,29.524635],[-94.767246,29.525523],[-94.768676,29.525659],[-94.769418,29.525988],[-94.769573,29.526057],[-94.77084,29.526618],[-94.774571,29.528271],[-94.774798,29.528372],[-94.779674,29.530533],[-94.779708,29.530548],[-94.779831,29.530602],[-94.780938,29.531093],[-94.783296,29.535314],[-94.784034,29.536635],[-94.786512,29.541073],[-94.786649,29.541319],[-94.78954,29.546494],[-94.790605,29.548401],[-94.779439,29.549472],[-94.771053,29.548439],[-94.755237,29.562782],[-94.734626,29.584046],[-94.708741,29.625226],[-94.693154,29.694453],[-94.692434,29.70361],[-94.695317,29.723052],[-94.724616,29.774766],[-94.735271,29.785433],[-94.740919,29.787081],[-94.771512,29.773889],[-94.792238,29.767433],[-94.816085,29.75671],[-94.851108,29.721373],[-94.865007,29.695337],[-94.867438,29.678768],[-94.872551,29.67125],[-94.893107,29.661336],[-94.915413,29.656614],[-94.921318,29.658178],[-94.931154,29.673874],[-94.934167,29.678682],[-94.936089,29.692704],[-94.942681,29.697778],[-94.965963,29.70033],[-94.972666,29.68487],[-94.988924,29.672202],[-95.005398,29.659366],[-95.005648,29.658985],[-95.006381,29.657871],[-95.007623,29.65598],[-95.011025,29.650803],[-95.011683,29.649802],[-95.01272,29.647088],[-95.013777,29.644322],[-95.015636,29.639457],[-95.0156,29.639285],[-95.013623,29.62979],[-95.013499,29.629194],[-95.01166,29.627768],[-95.000781,29.619331],[-95.00046,29.619082],[-94.999481,29.618323],[-94.999082,29.618014],[-94.988871,29.610095],[-94.984831,29.604361],[-94.982936,29.60167],[-94.982706,29.601344],[-94.982855,29.601103],[-94.982923,29.600992],[-94.988993,29.591155],[-95.00767,29.574257],[-95.016145,29.559336],[-95.016353,29.55897],[-95.016627,29.558487],[-95.016672,29.558388],[-95.018253,29.554885],[-95.018198,29.554618],[-95.018191,29.554584],[-95.016889,29.548303],[-95.015165,29.539989],[-95.013378,29.537822],[-94.999581,29.521093],[-94.981916,29.511141],[-94.958443,29.505013],[-94.934876,29.501079],[-94.933483,29.500847],[-94.933039,29.500773],[-94.909898,29.49691],[-94.909465,29.496838],[-94.913385,29.487254],[-94.925914,29.469047],[-94.930861,29.450504],[-94.919401,29.448031],[-94.8908,29.433432],[-94.8873,29.415132],[-94.886536,29.366386],[-94.894234,29.338],[-94.893994,29.30817],[-94.886536,29.297826],[-94.875952,29.293015],[-94.865126,29.293977],[-94.84973,29.297345],[-94.824953,29.306005],[-94.822547,29.321882],[-94.822307,29.344254],[-94.810696,29.353435],[-94.784895,29.335535],[-94.779995,29.334935],[-94.777064,29.336811],[-94.745529,29.334235],[-94.744945,29.33641],[-94.73132,29.338066],[-94.72253,29.331446],[-94.731082,29.331833],[-94.769695,29.304936],[-94.786095,29.290737],[-94.803695,29.279237],[-95.026219,29.148064],[-95.081773,29.111222],[-95.110484,29.088224],[-95.119271,29.077844],[-95.122525,29.074],[-95.125134,29.067321],[-95.191391,29.02309],[-95.238924,28.988644],[-95.272266,28.961546],[-95.297147,28.934073],[-95.309704,28.928262],[-95.353451,28.898145],[-95.376979,28.87616],[-95.38239,28.866348],[-95.416174,28.859482],[-95.439594,28.859022],[-95.486769,28.836287],[-95.507041,28.824755],[-95.568136,28.789998],[-95.812504,28.664942],[-95.884026,28.633098],[-96.000682,28.588238],[-96.077868,28.556626],[-96.194412,28.502224],[-96.220376,28.491966],[-96.244751,28.475055],[-96.270391,28.46193],[-96.303212,28.441871],[-96.32156,28.425148],[-96.328817,28.423659],[-96.341617,28.417334],[-96.371117,28.397661],[-96.372101,28.393875],[-96.370717,28.387667],[-96.378616,28.383909],[-96.379372,28.386089],[-96.381864,28.393276],[-96.37596,28.401682],[-96.374138,28.404275],[-96.335119,28.437795],[-96.268341,28.477992],[-96.223825,28.495067],[-96.218978,28.500383],[-96.21505,28.509679],[-96.145448,28.544741],[-96.104735,28.559499],[-96.046211,28.58698],[-96.032979,28.589016],[-96.007534,28.599703],[-95.98616,28.606319],[-95.982088,28.614461],[-95.985651,28.621077],[-95.983106,28.641942],[-95.978526,28.650594],[-95.986066,28.655468],[-95.996338,28.658736],[-96.002954,28.656192],[-96.006516,28.648049],[-96.033488,28.652629],[-96.047737,28.649067],[-96.072165,28.635326],[-96.099137,28.624639],[-96.148501,28.611408],[-96.187178,28.593596],[-96.198374,28.58698],[-96.221784,28.580364],[-96.228909,28.580873],[-96.233998,28.596649],[-96.233998,28.601738],[-96.222293,28.607336],[-96.21415,28.613443],[-96.212624,28.622604],[-96.230944,28.641433],[-96.208552,28.662298],[-96.214659,28.665352],[-96.192267,28.687744],[-96.19125,28.69436],[-96.19583,28.69894],[-96.202446,28.700976],[-96.222802,28.698431],[-96.231453,28.696395],[-96.256899,28.68469],[-96.263515,28.683673],[-96.268604,28.688762],[-96.287942,28.683164],[-96.304227,28.671459],[-96.305245,28.660263],[-96.303718,28.644996],[-96.322921,28.64186],[-96.328655,28.640924],[-96.373439,28.626675],[-96.376492,28.620059],[-96.384635,28.615988],[-96.473694,28.57324],[-96.487943,28.569677],[-96.482854,28.580364],[-96.480309,28.596649],[-96.485907,28.607845],[-96.490488,28.610899],[-96.510844,28.61497],[-96.510335,28.617515],[-96.497612,28.625148],[-96.496595,28.630746],[-96.499648,28.635835],[-96.506264,28.63838],[-96.54545,28.645505],[-96.555119,28.646013],[-96.563262,28.644487],[-96.572931,28.667897],[-96.570386,28.674003],[-96.55919,28.687235],[-96.559699,28.691306],[-96.561226,28.696395],[-96.566824,28.697922],[-96.575141,28.702837],[-96.577727,28.704365],[-96.57802,28.704538],[-96.579639,28.712312],[-96.579669,28.712455],[-96.580564,28.716752],[-96.584091,28.722798],[-96.584127,28.722859],[-96.584196,28.722877],[-96.591647,28.724838],[-96.593796,28.725403],[-96.604921,28.72221],[-96.634419,28.713743],[-96.634912,28.713601],[-96.645867,28.710457],[-96.648758,28.709627],[-96.655528,28.704167],[-96.664534,28.696904],[-96.657918,28.687744],[-96.635018,28.668914],[-96.634,28.654665],[-96.627893,28.650085],[-96.623313,28.649576],[-96.615679,28.644487],[-96.61059,28.638889],[-96.61059,28.636344],[-96.61975,28.627693],[-96.622804,28.622095],[-96.611099,28.585962],[-96.608045,28.583418],[-96.573949,28.584436],[-96.565297,28.5824],[-96.564279,28.576293],[-96.561226,28.570695],[-96.536289,28.559499],[-96.526111,28.557972],[-96.52204,28.55441],[-96.514406,28.535071],[-96.505755,28.525911],[-96.450284,28.490796],[-96.419749,28.467387],[-96.410589,28.459244],[-96.402446,28.449066],[-96.403973,28.44245],[-96.46148,28.421585],[-96.481836,28.407844],[-96.504737,28.397666],[-96.520513,28.394104],[-96.542905,28.385452],[-96.559699,28.377819],[-96.570386,28.368658],[-96.59176,28.357462],[-96.600412,28.354409],[-96.650794,28.346775],[-96.672677,28.335579],[-96.688453,28.347284],[-96.69456,28.347284],[-96.698122,28.342704],[-96.705247,28.348811],[-96.700158,28.369676],[-96.705756,28.400211],[-96.710336,28.406827],[-96.72255,28.408862],[-96.749013,28.408862],[-96.762245,28.411916],[-96.76696,28.410737],[-96.768352,28.410389],[-96.772209,28.408074],[-96.775985,28.405809],[-96.780796,28.398421],[-96.790235,28.383926],[-96.794554,28.365688],[-96.794796,28.364668],[-96.794815,28.364587],[-96.794812,28.364515],[-96.794812,28.364503],[-96.794357,28.350865],[-96.794306,28.34932],[-96.794016,28.347249],[-96.793926,28.346606],[-96.793835,28.345959],[-96.793765,28.345453],[-96.79254,28.336705],[-96.790744,28.323874],[-96.791159,28.319095],[-96.791761,28.31217],[-96.806011,28.296902],[-96.809573,28.290287],[-96.806011,28.282144],[-96.799302,28.272716],[-96.787181,28.255681],[-96.787181,28.250083],[-96.800413,28.224128],[-96.810037,28.217086],[-96.842143,28.193594],[-96.872678,28.176291],[-96.898123,28.152881],[-96.910337,28.147283],[-96.934765,28.123873],[-96.962755,28.123365],[-97.000414,28.137614],[-97.007539,28.136087],[-97.027386,28.124382],[-97.028913,28.117258],[-97.022806,28.107588],[-97.023824,28.103517],[-97.031966,28.093848],[-97.035528,28.084688],[-97.035528,28.074],[-97.031457,28.053644],[-97.025859,28.041939],[-97.030948,28.033288],[-97.040618,28.028708],[-97.04876,28.022092],[-97.061992,27.996138],[-97.075732,27.986977],[-97.121534,27.923364],[-97.129168,27.919801],[-97.134801,27.902467],[-97.135783,27.899445],[-97.136615,27.898956],[-97.144435,27.894356],[-97.155122,27.880615],[-97.183455,27.833231],[-97.184639,27.831251],[-97.186709,27.825453],[-97.186871,27.825001],[-97.187183,27.824126],[-97.188866,27.823772],[-97.192874,27.822928],[-97.193701,27.822754],[-97.196852,27.822091],[-97.209127,27.822091],[-97.209575,27.822091],[-97.211226,27.822391],[-97.219738,27.823939],[-97.220771,27.824126],[-97.222212,27.824649],[-97.222957,27.824919],[-97.225176,27.825723],[-97.225435,27.826145],[-97.225811,27.826755],[-97.226012,27.827083],[-97.227317,27.829204],[-97.227317,27.830939],[-97.227317,27.831258],[-97.227317,27.832895],[-97.227317,27.832952],[-97.226514,27.838307],[-97.228388,27.843661],[-97.234512,27.849063],[-97.241127,27.857714],[-97.241393,27.858953],[-97.242654,27.864839],[-97.242922,27.865208],[-97.250797,27.876035],[-97.256394,27.877901],[-97.258305,27.878538],[-97.26301,27.880106],[-97.272253,27.881427],[-97.273698,27.881633],[-97.276632,27.881144],[-97.285466,27.879672],[-97.295072,27.878071],[-97.301455,27.875907],[-97.317892,27.870335],[-97.325097,27.867893],[-97.327494,27.866405],[-97.354614,27.849572],[-97.360212,27.85059],[-97.360547,27.850363],[-97.361246,27.849891],[-97.379042,27.837867],[-97.391764,27.813948],[-97.393291,27.782905],[-97.386166,27.76662],[-97.368355,27.741683],[-97.34698,27.725398],[-97.316446,27.712676],[-97.253955,27.696696],[-97.259957,27.679597],[-97.266064,27.678579],[-97.296598,27.613947],[-97.298634,27.604787],[-97.297616,27.59868],[-97.294054,27.5941],[-97.302196,27.585957],[-97.321535,27.571199],[-97.325118,27.560927],[-97.336802,27.527433],[-97.343418,27.517764],[-97.347489,27.503005],[-97.350543,27.478578],[-97.359194,27.458221],[-97.36581,27.450588],[-97.371917,27.425142],[-97.369881,27.41242],[-97.372935,27.401224],[-97.37955,27.390028],[-97.399398,27.344735],[-97.401942,27.335574],[-97.404996,27.329977],[-97.413138,27.321325],[-97.420263,27.317254],[-97.430441,27.313691],[-97.450798,27.313691],[-97.482859,27.297915],[-97.508304,27.275014],[-97.532223,27.278577],[-97.544437,27.284175],[-97.546981,27.290791],[-97.536803,27.289264],[-97.526625,27.291808],[-97.524589,27.297915],[-97.517465,27.30504],[-97.504742,27.30504],[-97.498126,27.308602],[-97.502706,27.322343],[-97.499144,27.327941],[-97.483877,27.338628],[-97.483877,27.351351],[-97.48693,27.358984],[-97.501688,27.366618],[-97.514411,27.361529],[-97.520518,27.352877],[-97.53833,27.335574],[-97.5709,27.315727],[-97.584132,27.30962],[-97.609068,27.285193],[-97.621791,27.287228],[-97.63146,27.28621],[-97.636549,27.282139],[-97.63668,27.281727],[-97.640111,27.270943],[-97.639094,27.253131],[-97.635022,27.247024],[-97.628916,27.242953],[-97.597363,27.242444],[-97.582605,27.240409],[-97.573953,27.238882],[-97.561231,27.232775],[-97.54291,27.229213],[-97.520009,27.231248],[-97.509831,27.23532],[-97.503215,27.2399],[-97.500162,27.24448],[-97.485149,27.250841],[-97.467083,27.25364],[-97.458431,27.259493],[-97.450289,27.262546],[-97.42408,27.264073],[-97.422299,27.257712],[-97.434767,27.202241],[-97.444945,27.144734],[-97.443673,27.116235],[-97.452324,27.115217],[-97.455887,27.110383],[-97.45665,27.099695],[-97.461739,27.095624],[-97.47548,27.098423],[-97.480569,27.102494],[-97.49151,27.101222],[-97.495836,27.094098],[-97.493291,27.078067],[-97.477515,27.066108],[-97.479042,27.0628],[-97.482257,27.061942],[-97.48693,27.057711],[-97.487693,27.053639],[-97.486676,27.03481],[-97.477515,27.03252],[-97.473953,27.029212],[-97.473444,27.02285],[-97.478533,26.999186],[-97.480569,26.997659],[-97.484131,27.000458],[-97.536803,26.999695],[-97.549271,26.995878],[-97.555378,26.99028],[-97.551053,26.980865],[-97.549526,26.965344],[-97.552325,26.952112],[-97.555378,26.947277],[-97.555378,26.93888],[-97.540874,26.90631],[-97.540111,26.900967],[-97.547999,26.895114],[-97.552325,26.888499],[-97.552325,26.867633],[-97.558432,26.864325],[-97.563266,26.842188],[-97.552579,26.827938],[-97.547745,26.824631],[-97.537566,26.824885],[-97.509831,26.803511],[-97.484385,26.763562],[-97.478024,26.7572],[-97.471663,26.758727],[-97.468609,26.740915],[-97.467337,26.710126],[-97.444945,26.633535],[-97.445708,26.609362],[-97.441206,26.599901],[-97.428151,26.572466],[-97.416955,26.553637],[-97.422299,26.520303],[-97.425861,26.516741],[-97.430696,26.506563],[-97.430696,26.494603],[-97.42637,26.484425],[-97.429169,26.478064],[-97.43553,26.470176],[-97.441383,26.466614],[-97.441383,26.455418],[-97.437566,26.44982],[-97.425861,26.446003],[-97.421026,26.446766],[-97.41721,26.44982],[-97.411612,26.447275],[-97.412884,26.433026],[-97.42179,26.417249],[-97.4195,26.413178],[-97.406014,26.409107],[-97.398126,26.410888],[-97.394309,26.41445],[-97.395072,26.417249],[-97.382485,26.411326],[-97.377769,26.409107],[-97.369627,26.394603],[-97.374461,26.380862],[-97.388965,26.36585],[-97.392019,26.339386],[-97.391001,26.332262],[-97.387947,26.330481],[-97.376242,26.336333],[-97.372171,26.339895],[-97.369372,26.348547],[-97.358176,26.356435],[-97.343418,26.359234],[-97.335275,26.355672],[-97.330441,26.350582],[-97.336802,26.331753],[-97.352833,26.318521],[-97.354359,26.313941],[-97.34698,26.311396],[-97.347489,26.292821],[-97.343927,26.267376],[-97.341128,26.265595],[-97.331967,26.265595],[-97.322807,26.271956],[-97.311866,26.273737],[-97.307031,26.253126],[-97.308049,26.249055],[-97.32128,26.236078],[-97.32128,26.228699],[-97.304486,26.20249],[-97.296598,26.200709],[-97.294817,26.192312],[-97.296089,26.182388],[-97.306776,26.159487],[-97.296598,26.142439],[-97.28536,26.128378],[-97.282094,26.120301],[-97.283112,26.117757],[-97.294054,26.11394],[-97.295072,26.108342],[-97.279804,26.092057],[-97.270898,26.086459],[-97.24698,26.080352],[-97.208048,26.079589],[-97.199651,26.077044],[-97.195071,26.04193],[-97.204995,26.030225],[-97.214918,26.030734],[-97.224842,26.027426],[-97.226114,26.024372],[-97.219244,25.996128],[-97.216954,25.993838],[-97.208557,25.991802],[-97.195834,25.993074],[-97.17446,26.000072],[-97.167208,26.007069],[-97.162755,26.014576],[-97.162628,26.023482],[-97.172043,26.044729],[-97.178659,26.045492],[-97.18273,26.053126],[-97.164982,26.063876],[-97.152009,26.062108],[-97.15321,26.038906],[-97.151922,26.017653],[-97.145567,25.971132],[-97.172633,25.962883],[-97.228025,25.958936],[-97.271382,25.951832],[-97.348275,25.931143],[-97.362345,25.915724],[-97.367045,25.903021],[-97.366723,25.885066],[-97.408357,25.856459],[-97.496861,25.880058],[-97.511161,25.887458],[-97.582565,25.937857],[-97.668099,26.022522],[-97.671568,26.033955],[-97.863056,26.061273],[-97.888699,26.064931],[-98.008307,26.061147],[-98.011883,26.056608],[-98.044517,26.043746],[-98.132605,26.057507],[-98.241664,26.074544],[-98.264514,26.085507],[-98.386694,26.157872],[-98.438822,26.212022],[-98.466167,26.223245],[-98.58581,26.257403],[-98.58672,26.257456],[-98.623335,26.259592],[-98.6329,26.250348],[-98.705676,26.27748],[-98.751164,26.331307],[-98.807348,26.369421],[-98.822373,26.370902],[-98.861354,26.36599],[-99.047575,26.406922],[-99.105719,26.43872],[-99.167996,26.557799],[-99.172058,26.57086],[-99.208951,26.689489],[-99.242444,26.788262],[-99.268613,26.843213],[-99.321819,26.906846],[-99.379149,26.93449],[-99.446524,27.023008],[-99.452316,27.062669],[-99.451035,27.066765],[-99.446593,27.070593],[-99.429879,27.094323],[-99.426348,27.176262],[-99.441549,27.24992],[-99.452391,27.264046],[-99.453949,27.264673],[-99.463309,27.268437],[-99.47088,27.265444],[-99.494678,27.277595],[-99.529654,27.306051],[-99.536443,27.312538],[-99.537771,27.316073],[-99.50696,27.35642],[-99.492831,27.390491],[-99.487704,27.409924],[-99.480219,27.485796],[-99.519381,27.573569],[-99.541644,27.605772],[-99.600619,27.641314],[-99.623478,27.644136],[-99.626294,27.64245],[-99.627123,27.638412],[-99.666175,27.638324],[-99.843463,27.77456],[-99.876174,27.806276],[-99.901486,27.864162],[-99.904385,27.875284],[-99.895828,27.904178],[-99.922046,27.922119],[-99.991447,27.99456],[-100.057049,28.095656],[-100.080868,28.137192],[-100.083393,28.144035],[-100.088143,28.147503],[-100.14414,28.168238],[-100.171323,28.17623],[-100.202448,28.190554],[-100.209464,28.196866],[-100.257788,28.240341],[-100.291391,28.275398],[-100.346986,28.407232],[-100.333814,28.499252],[-100.338518,28.501833],[-100.386963,28.514023],[-100.405058,28.53578],[-100.429856,28.596441],[-100.446659,28.608659],[-100.500354,28.66196],[-100.510055,28.690723],[-100.511998,28.705352],[-100.506701,28.716745],[-100.507613,28.740599],[-100.535438,28.805195],[-100.546804,28.825374],[-100.589854,28.861618],[-100.640092,28.915833],[-100.651512,28.943432],[-100.648104,28.98386],[-100.645894,28.986421],[-100.664065,29.073206],[-100.668356,29.08397],[-100.674656,29.099777],[-100.793662,29.242146],[-100.797671,29.246943],[-100.954042,29.347598],[-100.995607,29.363403],[-101.037642,29.414681],[-101.043364,29.42988],[-101.060151,29.458661],[-101.087149,29.469414],[-101.137503,29.473542],[-101.235275,29.524854],[-101.247319,29.618482],[-101.250383,29.624171],[-101.314135,29.659054],[-101.343743,29.662047],[-101.403926,29.757587],[-101.455007,29.770188],[-101.625958,29.771063],[-101.635128,29.758675],[-101.646418,29.754304],[-101.761839,29.777187],[-101.786353,29.782047],[-101.883655,29.796193],[-101.944913,29.801468],[-102.040539,29.790061],[-102.050044,29.78507],[-102.116076,29.792527],[-102.262466,29.853765],[-102.282247,29.863598],[-102.297331,29.875194],[-102.320819,29.875193],[-102.323389,29.875193],[-102.364647,29.843624],[-102.386677,29.76148],[-102.404422,29.765105],[-102.434063,29.7767],[-102.486819,29.786725],[-102.500741,29.781446],[-102.554915,29.748966],[-102.612879,29.748182],[-102.665194,29.737421],[-102.689738,29.722349],[-102.698347,29.695591],[-102.745494,29.592967],[-102.781807,29.542454],[-102.808692,29.522319],[-102.831938,29.437943],[-102.83332,29.408981],[-102.875813,29.353715],[-102.895886,29.284778],[-102.886308,29.24568],[-102.881135,29.246022],[-102.871347,29.241625],[-102.866846,29.225015],[-102.87802,29.214698],[-102.95089,29.176835],[-102.995688,29.161219],[-103.10443,29.03359],[-103.115328,28.98527],[-103.156646,28.972831],[-103.163865,28.972099],[-103.281903,28.990089],[-103.383508,29.024112],[-103.471037,29.075368],[-103.470518,29.085108],[-103.503236,29.11911],[-103.525471,29.137744],[-103.558679,29.154962],[-103.61007,29.165727],[-103.627067,29.163336],[-103.714867,29.184137],[-103.767814,29.224954],[-103.792005,29.262695],[-103.792705,29.262931],[-103.838303,29.278304],[-103.924976,29.293913],[-103.963076,29.298404],[-104.025488,29.314404],[-104.143692,29.383278],[-104.167506,29.402928],[-104.21341,29.462069],[-104.235847,29.496744],[-104.264155,29.514001],[-104.290728,29.519326],[-104.321603,29.527923],[-104.394351,29.560535],[-104.515512,29.641493],[-104.538569,29.677396],[-104.549773,29.716091],[-104.549117,29.728814],[-104.566055,29.771379],[-104.633275,29.870485],[-104.667301,29.910401],[-104.674932,29.911112],[-104.679877,29.920946],[-104.693592,30.019077],[-104.685793,30.092656],[-104.687296,30.179464],[-104.708916,30.235826],[-104.761634,30.301148],[-104.78102,30.314564],[-104.859521,30.390413],[-104.872808,30.500145],[-104.929778,30.59924],[-104.972071,30.61026],[-104.985365,30.623792],[-105.044407,30.683895],[-105.129328,30.750139],[-105.211234,30.799609],[-105.250028,30.799068],[-105.265479,30.802536],[-105.394627,30.85892],[-105.411833,30.893367],[-105.55679,30.989469],[-105.57765,31.019811],[-105.579756,31.036588],[-105.585323,31.057488],[-105.60333,31.082625],[-105.648834,31.115902],[-105.709491,31.136375],[-105.750519,31.16494],[-105.793719,31.201713],[-105.869353,31.288634],[-105.900315,31.300008],[-105.923131,31.312089],[-105.981027,31.375122],[-105.997658,31.386489],[-106.00693,31.392826],[-106.099393,31.41476],[-106.132782,31.425367],[-106.202851,31.464073],[-106.206018,31.466648],[-106.207524,31.467872],[-106.2092,31.469234],[-106.212918,31.473409],[-106.218538,31.47972],[-106.254062,31.547512],[-106.356938,31.70221],[-106.381039,31.73211],[-106.41794,31.752009],[-106.436743,31.756872],[-106.472514,31.751802],[-106.528543,31.783907],[-106.528543,31.784407],[-106.527997,31.786945],[-106.527623,31.789119],[-106.527738,31.789761],[-106.527943,31.790507],[-106.530515,31.792103],[-106.53248,31.791914],[-106.533,31.791829],[-106.533043,31.791907],[-106.534743,31.796107],[-106.535154,31.797089],[-106.535343,31.797507],[-106.535843,31.798607],[-106.542097,31.802146],[-106.542144,31.802107],[-106.544714,31.804287],[-106.545344,31.805007],[-106.563444,31.812606],[-106.566844,31.813306],[-106.605245,31.845905],[-106.605845,31.846305],[-106.614637,31.84649],[-106.621857,31.852854],[-106.625763,31.856276],[-106.627808,31.860593],[-106.616136,31.948439],[-106.614702,31.956],[-106.599096,32.000731],[-106.598639,32.000754],[-106.595333,32.000778],[-106.587972,32.000749],[-106.566056,32.000759],[-106.565142,32.000736],[-106.411075,32.001334],[-106.394298,32.001484],[-106.377174,32.00149],[-106.313307,32.001512],[-106.205915,32.001762],[-106.200699,32.001785],[-106.18184,32.00205],[-106.09976,32.002174],[-105.998003,32.002328],[-105.9006,32.0021],[-105.886159,32.00197],[-105.429281,32.000577],[-105.428582,32.0006],[-105.427049,32.000638],[-105.390396,32.000607],[-105.153994,32.000497],[-105.15031,32.000497],[-105.14824,32.000485],[-105.132916,32.000518],[-105.131377,32.000524],[-105.11804,32.000485],[-105.078605,32.000533],[-105.077046,32.000579],[-104.918272,32.000496],[-104.847757,32.000482],[-104.643526,32.000443],[-104.640918,32.000396],[-104.531937,32.000311],[-104.531756,32.000117],[-104.024521,32.00001],[-103.980179,32.000125],[-103.722853,32.000221],[-103.326501,32.00037],[-103.278521,32.000419],[-103.270383,32.000326],[-103.267708,32.000324],[-103.267633,32.000475],[-103.215641,32.000513],[-103.088698,32.000453],[-103.085876,32.000465],[-103.064423,32.000518],[-103.064344,32.087051],[-103.064348,32.123041],[-103.064422,32.145006],[-103.064696,32.522193],[-103.064761,32.587983],[-103.064788,32.600397],[-103.064761,32.601863],[-103.064815,32.624537],[-103.064633,32.64642],[-103.064864,32.682647],[-103.064798,32.690761],[-103.064799,32.708694],[-103.064827,32.726628],[-103.064807,32.777303],[-103.064698,32.783602],[-103.064711,32.784593],[-103.064699,32.827531],[-103.064672,32.82847],[-103.064889,32.849359],[-103.064916,32.85726],[-103.064807,32.857696],[-103.064862,32.868346],[-103.064701,32.879355],[-103.064569,32.900014],[-103.064657,32.959097],[-103.064679,32.964373],[-103.064625,32.999899],[-103.064452,33.01029],[-103.06398,33.038693],[-103.063905,33.042055],[-103.060103,33.219225],[-103.057856,33.315234],[-103.057487,33.329477],[-103.056655,33.388416],[-103.056655,33.388438],[-103.05261,33.570599],[-103.051664,33.629489],[-103.051363,33.64195],[-103.051535,33.650487],[-103.051087,33.658186],[-103.050532,33.672408],[-103.050148,33.701971],[-103.049096,33.74627],[-103.047346,33.824675],[-103.046907,33.8503],[-103.045644,33.901537],[-103.045698,33.906299],[-103.044893,33.945617],[-103.04395,33.974629],[-103.043617,34.003633],[-103.043531,34.018014],[-103.043555,34.032714],[-103.043746,34.037294],[-103.043771,34.041538],[-103.043721,34.04232],[-103.043767,34.043545],[-103.043744,34.049986],[-103.043686,34.063078],[-103.043516,34.079382],[-103.043569,34.087947],[-103.043644,34.256903],[-103.043719,34.289441],[-103.043936,34.302585],[-103.043979,34.312749],[-103.043979,34.312764],[-103.043946,34.379555],[-103.043944,34.37966],[-103.043919,34.380916],[-103.043693,34.383578],[-103.04363,34.38469],[-103.043614,34.384969],[-103.043613,34.388679],[-103.043613,34.390442],[-103.043585,34.393716],[-103.043611,34.397105],[-103.043583,34.400678],[-103.043538,34.405463],[-103.043582,34.455657],[-103.043588,34.459662],[-103.043589,34.459774],[-103.043594,34.46266],[-103.043072,34.619782],[-103.042827,34.671188],[-103.042769,34.747361],[-103.04277,34.792224],[-103.042781,34.850243],[-103.042521,34.899546],[-103.042521,34.954101],[-103.04252,35.135596],[-103.0426,35.142766],[-103.042711,35.144735],[-103.042568,35.159318],[-103.042395,35.178573],[-103.042339,35.181922],[-103.042366,35.182786],[-103.042377,35.183149],[-103.042377,35.183156],[-103.042497,35.211862],[-103.041554,35.622487],[-103.041357,35.739274],[-103.040824,36.055231],[-103.041674,36.317534],[-103.041745,36.318267],[-103.041669,36.478514],[-103.002434,36.500397],[-102.162463,36.500326],[-102.032339,36.500066],[-101.826565,36.499654],[-101.826498,36.499535],[-101.78811,36.499678],[-101.783359,36.499709],[-101.781987,36.499718],[-101.78061,36.499727],[-101.779435,36.499734],[-101.709314,36.499722],[-101.698685,36.499508],[-101.653708,36.499573],[-101.649966,36.499573],[-101.623915,36.499528],[-101.085156,36.499244],[-101.052418,36.499563],[-101.045331,36.49954],[-100.977088,36.499595],[-100.954153,36.499599],[-100.936058,36.499602],[-100.918513,36.499621],[-100.884174,36.499682],[-100.88408,36.499682],[-100.859657,36.499687],[-100.85084,36.4997],[-100.824236,36.499618],[-100.824218,36.499618],[-100.80619,36.499674],[-100.806172,36.499634],[-100.802909,36.499621],[-100.802886,36.499621],[-100.761811,36.499618],[-100.761811,36.49958],[-100.724362,36.49958],[-100.724361,36.499558],[-100.708626,36.499553],[-100.708628,36.499521],[-100.657763,36.499483],[-100.657763,36.4995],[-100.648343,36.499495],[-100.648344,36.499463],[-100.592614,36.499469],[-100.592556,36.499469],[-100.592551,36.499429],[-100.583539,36.499483],[-100.583379,36.499443],[-100.578114,36.499463],[-100.578114,36.499439],[-100.546145,36.499343],[-100.531215,36.499341],[-100.531215,36.49929],[-100.530478,36.49924],[-100.530314,36.499357],[-100.522227,36.499291],[-100.441065,36.49949],[-100.441064,36.499462],[-100.433959,36.499456],[-100.421328,36.499447],[-100.421301,36.499488],[-100.413634,36.499444],[-100.41355,36.499469],[-100.378634,36.499517],[-100.378592,36.499445],[-100.351852,36.499487],[-100.351842,36.499473],[-100.334464,36.49942],[-100.334441,36.49944],[-100.32415,36.499679],[-100.311245,36.499631],[-100.311018,36.499688],[-100.310643,36.499642],[-100.181221,36.499633],[-100.090021,36.499634],[-100.003762,36.499699],[-100.000406,36.499702],[-100.000399,36.055677],[-100.000396,35.880948],[-100.000392,35.619115],[-100.000389,35.422364],[-100.000385,35.182702],[-100.000384,35.030385],[-100.000381,34.746461]]]],"type":"MultiPolygon"}},{"_id":"kansas","type":"Feature","properties":{"name":"Kansas","abbreviation":"KS","capital":"Topeka","city":"Wichita","population":2893957,"area":213099,"waterarea":1347,"landarea":211755,"houseseats":4,"statehood":"1861-01-29","group":"US States"},"geometry":{"coordinates":[[[-99.541116,36.999573],[-99.558068,36.999528],[-99.625399,36.999671],[-99.657658,37.000197],[-99.774255,37.000837],[-99.774816,37.000841],[-99.786016,37.000931],[-99.995201,37.001631],[-100.001286,37.001699],[-100.002563,37.001706],[-100.005706,37.001726],[-100.089484,37.002092],[-100.115722,37.002206],[-100.187547,37.002082],[-100.192371,37.002036],[-100.193754,37.002133],[-100.201676,37.002081],[-100.551598,37.00062],[-100.552683,37.000735],[-100.591328,37.000376],[-100.591413,37.000399],[-100.62977,37.000025],[-100.633323,36.999936],[-100.633327,36.999936],[-100.675552,36.999688],[-100.756894,36.999357],[-100.765484,36.999177],[-100.806116,36.999091],[-100.814277,36.999085],[-100.855634,36.998626],[-100.89166,36.998604],[-100.904274,36.998745],[-100.904588,36.998561],[-100.945469,36.998153],[-100.945566,36.998152],[-100.996502,36.998044],[-101.012641,36.998176],[-101.053589,36.997967],[-101.066742,36.997921],[-101.211486,36.997124],[-101.212909,36.997044],[-101.357797,36.996271],[-101.359674,36.996232],[-101.37818,36.996164],[-101.413868,36.996008],[-101.415005,36.995966],[-101.485326,36.995611],[-101.519066,36.995546],[-101.555239,36.995414],[-101.55526,36.995414],[-101.600396,36.995153],[-101.601593,36.995095],[-101.90244,36.993702],[-102.000447,36.993249],[-102.000447,36.993272],[-102.028204,36.993125],[-102.028207,36.993125],[-102.04224,36.993083],[-102.041952,37.024742],[-102.04195,37.030805],[-102.041921,37.032178],[-102.041749,37.034397],[-102.04192,37.035083],[-102.041983,37.106551],[-102.041809,37.111973],[-102.042092,37.125021],[-102.042135,37.125021],[-102.042002,37.141744],[-102.041963,37.258164],[-102.041664,37.29765],[-102.041817,37.30949],[-102.041974,37.352613],[-102.042089,37.352819],[-102.041826,37.389191],[-102.041676,37.409898],[-102.041669,37.43474],[-102.041755,37.434855],[-102.041801,37.469488],[-102.041786,37.506066],[-102.042016,37.535261],[-102.041899,37.541186],[-102.041894,37.557977],[-102.041618,37.607868],[-102.041585,37.644282],[-102.041582,37.654495],[-102.041694,37.665681],[-102.041574,37.680436],[-102.041876,37.723875],[-102.04199,37.738541],[-102.042158,37.760164],[-102.042668,37.788758],[-102.042953,37.803535],[-102.043033,37.824146],[-102.043219,37.867929],[-102.043845,37.926135],[-102.043844,37.928102],[-102.044398,38.250015],[-102.04451,38.262412],[-102.044567,38.268749],[-102.044568,38.268819],[-102.044613,38.312324],[-102.044944,38.384419],[-102.045263,38.505395],[-102.045262,38.505532],[-102.045112,38.523784],[-102.045223,38.543797],[-102.045189,38.558732],[-102.045211,38.581609],[-102.045288,38.615168],[-102.045288,38.615249],[-102.045074,38.669617],[-102.045102,38.674946],[-102.04516,38.675221],[-102.045127,38.686725],[-102.045156,38.688555],[-102.045212,38.697567],[-102.045375,38.754339],[-102.045287,38.755528],[-102.045371,38.770064],[-102.045448,38.783453],[-102.045334,38.799463],[-102.045388,38.813392],[-102.046571,39.047038],[-102.047134,39.129701],[-102.047189,39.133147],[-102.04725,39.13702],[-102.048449,39.303138],[-102.04896,39.373712],[-102.049167,39.403597],[-102.04937,39.41821],[-102.049369,39.423333],[-102.049679,39.506183],[-102.049673,39.536691],[-102.049554,39.538932],[-102.049764,39.56818],[-102.049806,39.574058],[-102.049954,39.592331],[-102.050594,39.675594],[-102.051254,39.818992],[-102.051318,39.833311],[-102.051363,39.843471],[-102.051569,39.849805],[-102.051744,40.003078],[-101.916696,40.003142],[-101.904176,40.003162],[-101.841025,40.002784],[-101.832161,40.002933],[-101.807687,40.002798],[-101.804862,40.002752],[-101.627071,40.00262],[-101.625809,40.002711],[-101.542273,40.002609],[-101.417209,40.002424],[-101.411043,40.002365],[-101.409953,40.002354],[-101.374326,40.002521],[-101.342859,40.00258],[-101.325514,40.002687],[-101.324036,40.002696],[-101.293991,40.002559],[-101.286555,40.002559],[-101.248673,40.002543],[-101.215033,40.002555],[-101.192219,40.002491],[-101.178805,40.002468],[-101.168704,40.002547],[-101.130907,40.002427],[-101.060317,40.002307],[-101.027686,40.002256],[-100.937427,40.002145],[-100.75883,40.002302],[-100.752183,40.002128],[-100.738826,40.002228],[-100.733296,40.00227],[-100.729904,40.002111],[-100.721128,40.002069],[-100.683435,40.002234],[-100.66023,40.002162],[-100.645445,40.001883],[-100.600945,40.001906],[-100.594757,40.001977],[-100.567238,40.001889],[-100.551886,40.001889],[-100.511065,40.00184],[-100.487159,40.001767],[-100.477018,40.001752],[-100.475854,40.001768],[-100.468773,40.001724],[-100.447072,40.001795],[-100.439081,40.001774],[-100.39008,40.001809],[-100.231652,40.001623],[-100.229479,40.001693],[-100.215406,40.001629],[-100.196959,40.001494],[-100.193597,40.001573],[-100.19359,40.001573],[-100.190323,40.001586],[-100.188181,40.001541],[-100.177823,40.001593],[-100.177795,40.001593],[-99.990926,40.001503],[-99.986611,40.00155],[-99.948167,40.001813],[-99.944417,40.001584],[-99.930433,40.001516],[-99.906658,40.001512],[-99.813401,40.0014],[-99.77564,40.001647],[-99.772121,40.001804],[-99.764214,40.001551],[-99.756835,40.001342],[-99.746628,40.00182],[-99.731959,40.001827],[-99.719639,40.001808],[-99.628346,40.001866],[-99.628255,40.001866],[-99.62598,40.001865],[-99.625324,40.001866],[-99.501792,40.002026],[-99.498999,40.001957],[-99.49766,40.001912],[-99.493465,40.001937],[-99.480728,40.001942],[-99.412645,40.001868],[-99.403389,40.001969],[-99.290703,40.001949],[-99.286656,40.002017],[-99.282967,40.001879],[-99.254012,40.002074],[-99.25037,40.001957],[-99.216376,40.002016],[-99.197592,40.002033],[-99.188905,40.002023],[-99.186962,40.001977],[-99.179133,40.001977],[-99.178965,40.001977],[-99.169816,40.001925],[-99.123033,40.002165],[-99.11351,40.002193],[-99.085597,40.002133],[-99.067022,40.00217],[-99.020338,40.002264],[-99.018701,40.002333],[-98.992135,40.002192],[-98.972287,40.002245],[-98.971721,40.002268],[-98.961009,40.002317],[-98.960919,40.002271],[-98.934792,40.002205],[-98.834456,40.002363],[-98.82059,40.002319],[-98.777203,40.002359],[-98.774941,40.002336],[-98.726373,40.002222],[-98.726295,40.002222],[-98.710404,40.00218],[-98.693096,40.002373],[-98.691443,40.002505],[-98.690287,40.002548],[-98.672819,40.002364],[-98.669724,40.00241],[-98.653833,40.002269],[-98.652494,40.002245],[-98.64071,40.002493],[-98.613755,40.0024],[-98.593342,40.002476],[-98.575219,40.00248],[-98.560578,40.002274],[-98.543186,40.002285],[-98.523053,40.002336],[-98.504455,40.002329],[-98.490533,40.002323],[-98.274017,40.002516],[-98.274015,40.002516],[-98.268218,40.00249],[-98.250008,40.002307],[-98.193483,40.002614],[-98.179315,40.002483],[-98.172269,40.002438],[-98.142031,40.002452],[-98.099659,40.002227],[-98.076034,40.002301],[-98.068701,40.002355],[-98.050057,40.002278],[-98.047469,40.002186],[-98.014412,40.002223],[-98.010157,40.002153],[-97.972186,40.002114],[-97.931826,40.00205],[-97.931811,40.00205],[-97.876261,40.002102],[-97.85745,40.002065],[-97.838379,40.00191],[-97.821598,40.002004],[-97.821496,40.002002],[-97.819426,40.001958],[-97.777155,40.002167],[-97.770776,40.001977],[-97.769204,40.001995],[-97.767746,40.001994],[-97.515308,40.001901],[-97.511381,40.001899],[-97.510264,40.001835],[-97.463285,40.002047],[-97.444662,40.001958],[-97.425443,40.002048],[-97.417826,40.002024],[-97.415833,40.002001],[-97.369199,40.00206],[-97.369199,40.00206],[-97.369103,40.00206],[-97.350896,40.00193],[-97.350272,40.001976],[-97.245169,40.001513],[-97.24508,40.001467],[-97.20231,40.001442],[-97.20019,40.001549],[-97.181775,40.00155],[-97.142448,40.001495],[-97.137866,40.001814],[-97.049663,40.001323],[-97.030803,40.001342],[-97.009165,40.001463],[-96.916407,40.001506],[-96.916093,40.001506],[-96.880459,40.001448],[-96.878253,40.001466],[-96.875057,40.001448],[-96.873812,40.00145],[-96.805768,40.001371],[-96.622401,40.001158],[-96.610349,40.000881],[-96.604884,40.000891],[-96.580852,40.000966],[-96.570854,40.001091],[-96.557863,40.000968],[-96.538977,40.000851],[-96.527111,40.001031],[-96.469945,40.000966],[-96.467536,40.001035],[-96.463713,40.000968],[-96.46364,40.000967],[-96.304555,40.000629],[-96.301066,40.000632],[-96.239208,40.000691],[-96.239172,40.000691],[-96.223839,40.000729],[-96.220171,40.00072],[-96.154365,40.000495],[-96.154246,40.00045],[-96.147167,40.000479],[-96.125937,40.000432],[-96.125788,40.000467],[-96.089781,40.000519],[-96.081395,40.000603],[-96.051691,40.000727],[-96.02409,40.000719],[-96.01068,40.000638],[-96.010678,40.000638],[-95.958139,40.000521],[-95.882524,40.00047],[-95.788111,40.000452],[-95.788024,40.000452],[-95.784575,40.000463],[-95.375257,40],[-95.339896,39.999999],[-95.30829,39.999998],[-95.30778,39.990618],[-95.301549,39.983603],[-95.181222,39.899996],[-95.132695,39.875925],[-95.107745,39.868579],[-95.085003,39.861883],[-95.042142,39.864805],[-95.035047,39.866807],[-95.027931,39.871522],[-95.02525,39.877688],[-95.02524,39.8897],[-95.01632,39.898766],[-95.00844,39.900596],[-94.993348,39.900747],[-94.954155,39.901138],[-94.935963,39.894355],[-94.927897,39.886112],[-94.908267,39.812172],[-94.895268,39.76321],[-94.916932,39.728186],[-94.937924,39.725471],[-95.011103,39.677572],[-95.01531,39.674262],[-95.069592,39.615106],[-95.107454,39.573843],[-95.113077,39.559133],[-95.113557,39.553941],[-95.109304,39.542285],[-95.102888,39.533347],[-94.969061,39.418876],[-94.946662,39.399717],[-94.909954,39.367459],[-94.908337,39.355647],[-94.910641,39.348335],[-94.907569,39.320623],[-94.901009,39.30168],[-94.832399,39.227218],[-94.793948,39.201276],[-94.752338,39.173203],[-94.736537,39.169203],[-94.723637,39.169003],[-94.714137,39.170403],[-94.706723,39.173801],[-94.601733,39.159603],[-94.596033,39.157703],[-94.591933,39.155003],[-94.589933,39.140403],[-94.607354,39.113444],[-94.607234,39.089604],[-94.607334,39.081704],[-94.607234,39.065704],[-94.607391,39.044086],[-94.608134,38.942006],[-94.608134,38.940006],[-94.607866,38.937398],[-94.607978,38.93687],[-94.608033,38.883807],[-94.608033,38.869207],[-94.608033,38.868107],[-94.607993,38.867271],[-94.608033,38.861207],[-94.608033,38.855007],[-94.608033,38.847207],[-94.608041,38.811064],[-94.609039,38.760611],[-94.609399,38.74244],[-94.609456,38.7407],[-94.609509,38.738102],[-94.611602,38.635384],[-94.611858,38.620485],[-94.611908,38.609272],[-94.611887,38.580139],[-94.611902,38.58011],[-94.612176,38.576546],[-94.612157,38.549817],[-94.612272,38.547917],[-94.612644,38.491644],[-94.612726,38.484367],[-94.612696,38.483154],[-94.612865,38.477602],[-94.612866,38.477571],[-94.613365,38.403422],[-94.613265,38.392426],[-94.613275,38.388718],[-94.613329,38.369618],[-94.613312,38.364407],[-94.613,38.335801],[-94.612825,38.324387],[-94.612788,38.320142],[-94.612673,38.314832],[-94.612673,38.302527],[-94.612844,38.291423],[-94.612849,38.289914],[-94.612692,38.270394],[-94.612614,38.237766],[-94.612635,38.226987],[-94.612659,38.219251],[-94.612658,38.217649],[-94.612822,38.203918],[-94.612848,38.200714],[-94.613073,38.190552],[-94.613422,38.167908],[-94.613748,38.160633],[-94.613856,38.149769],[-94.614061,38.067343],[-94.614089,38.065901],[-94.614055,38.060088],[-94.614055,38.060056],[-94.613981,38.037057],[-94.613981,38.036949],[-94.614212,37.992462],[-94.614465,37.987799],[-94.614557,37.971037],[-94.614562,37.951517],[-94.614594,37.949978],[-94.614612,37.944362],[-94.614754,37.940769],[-94.614835,37.9367],[-94.614778,37.9342],[-94.615181,37.915944],[-94.615393,37.906392],[-94.615469,37.901775],[-94.615706,37.886843],[-94.615921,37.878331],[-94.615834,37.87251],[-94.616,37.863126],[-94.616426,37.845282],[-94.61645,37.83756],[-94.616862,37.819456],[-94.617808,37.729707],[-94.617975,37.722176],[-94.617805,37.690178],[-94.617651,37.687671],[-94.617687,37.686653],[-94.617885,37.682214],[-94.617734,37.673127],[-94.617734,37.673105],[-94.617576,37.653671],[-94.617575,37.653577],[-94.617477,37.63717],[-94.6173,37.610495],[-94.617428,37.609522],[-94.617283,37.571896],[-94.617315,37.571499],[-94.617081,37.567013],[-94.61716,37.557308],[-94.617186,37.553485],[-94.616908,37.527804],[-94.616789,37.52151],[-94.617023,37.483765],[-94.617183,37.469665],[-94.61718,37.465203],[-94.617222,37.460476],[-94.617205,37.460373],[-94.617201,37.454788],[-94.617132,37.439818],[-94.617265,37.425536],[-94.617511,37.410909],[-94.617557,37.396375],[-94.617625,37.367576],[-94.617626,37.367445],[-94.617537,37.364355],[-94.617538,37.364167],[-94.617636,37.338417],[-94.617636,37.338415],[-94.617695,37.336842],[-94.617648,37.323589],[-94.618075,37.240436],[-94.618158,37.237597],[-94.618123,37.229334],[-94.61815,37.228121],[-94.618219,37.207772],[-94.618305,37.207337],[-94.618319,37.188774],[-94.618505,37.181184],[-94.618473,37.174782],[-94.618351,37.160211],[-94.618072,37.132345],[-94.618075,37.129755],[-94.618212,37.113169],[-94.618151,37.103968],[-94.618059,37.096676],[-94.618088,37.093671],[-94.61809,37.093494],[-94.618082,37.086432],[-94.61812,37.085934],[-94.617982,37.075077],[-94.617875,37.056798],[-94.617875,37.056797],[-94.617965,37.040537],[-94.617995,37.009016],[-94.61808,36.998135],[-94.699735,36.998805],[-94.701797,36.998814],[-94.71277,36.998794],[-94.737183,36.998665],[-94.739324,36.998687],[-94.777257,36.998764],[-94.83128,36.998812],[-94.840926,36.998833],[-94.849801,36.998876],[-94.853197,36.998874],[-94.995293,36.999529],[-95.00762,36.999514],[-95.011433,36.999535],[-95.030324,36.999517],[-95.037857,36.999497],[-95.049499,36.99958],[-95.073504,36.999509],[-95.073509,36.999509],[-95.155187,36.999539],[-95.155372,36.99954],[-95.177301,36.99952],[-95.195307,36.999565],[-95.322565,36.999358],[-95.328058,36.999365],[-95.328327,36.999366],[-95.33121,36.99938],[-95.407572,36.999241],[-95.407683,36.999241],[-95.511578,36.999235],[-95.522415,36.999281],[-95.534401,36.999332],[-95.573598,36.99931],[-95.61214,36.999321],[-95.615934,36.999365],[-95.62435,36.99936],[-95.630079,36.99932],[-95.664301,36.999322],[-95.686452,36.999349],[-95.696659,36.999215],[-95.71038,36.999371],[-95.714887,36.999279],[-95.718054,36.999255],[-95.741908,36.999244],[-95.759905,36.999271],[-95.768719,36.999205],[-95.786762,36.99931],[-95.80798,36.999124],[-95.866899,36.999261],[-95.873944,36.9993],[-95.875257,36.999302],[-95.877151,36.999304],[-95.91018,36.999336],[-95.928122,36.999245],[-95.936992,36.999268],[-95.96427,36.999094],[-96.00081,36.99886],[-96.14121,36.998973],[-96.143207,36.999134],[-96.147143,36.999022],[-96.149709,36.99904],[-96.152384,36.999051],[-96.154017,36.999161],[-96.184768,36.999211],[-96.200028,36.999028],[-96.217571,36.99907],[-96.276368,36.999271],[-96.279079,36.999272],[-96.394272,36.999221],[-96.415412,36.999113],[-96.525493,36.999147],[-96.705431,36.999203],[-96.710482,36.999271],[-96.73659,36.999286],[-96.74127,36.999239],[-96.749838,36.998988],[-96.79206,36.99918],[-96.795199,36.99886],[-96.822791,36.999182],[-96.867517,36.999217],[-96.87629,36.999233],[-96.902083,36.999155],[-96.90351,36.999132],[-96.917093,36.999182],[-96.921915,36.999151],[-96.934642,36.99907],[-96.967371,36.999067],[-96.975562,36.999019],[-97.030082,36.998929],[-97.039784,36.999],[-97.100652,36.998998],[-97.104276,36.99902],[-97.120285,36.999014],[-97.122597,36.999036],[-97.147721,36.999111],[-97.372421,36.998861],[-97.384925,36.998843],[-97.46228,36.998685],[-97.462346,36.998685],[-97.472861,36.998721],[-97.527292,36.99875],[-97.5459,36.998709],[-97.546498,36.998747],[-97.564536,36.998711],[-97.606549,36.998682],[-97.637137,36.99909],[-97.650466,36.999004],[-97.697104,36.998826],[-97.768704,36.99875],[-97.783432,36.998961],[-97.783489,36.998847],[-97.802298,36.998713],[-97.802313,36.998713],[-98.033955,36.998366],[-98.03989,36.998349],[-98.045342,36.998327],[-98.111985,36.998133],[-98.147452,36.998162],[-98.177596,36.998009],[-98.208218,36.997997],[-98.219499,36.997824],[-98.237712,36.997972],[-98.346188,36.997962],[-98.347149,36.997962],[-98.354073,36.997961],[-98.408991,36.998513],[-98.418268,36.998538],[-98.420209,36.998516],[-98.54466,36.998996],[-98.544872,36.998997],[-98.714512,36.99906],[-98.718465,36.99918],[-98.761597,36.999425],[-98.791936,36.999255],[-98.793711,36.999227],[-98.797452,36.999229],[-98.869449,36.999286],[-98.880009,36.999263],[-98.88058,36.999309],[-98.994371,36.999493],[-99.000303,36.99951],[-99.029337,36.999595],[-99.124883,36.99942],[-99.129449,36.999422],[-99.24812,36.999565],[-99.277506,36.999579],[-99.456203,36.999471],[-99.484333,36.999626],[-99.500395,36.999576],[-99.500395,36.999637],[-99.502665,36.999645],[-99.504093,36.999648],[-99.508574,36.999658],[-99.541116,36.999573]]],"type":"Polygon"}},{"_id":"arkansas","type":"Feature","properties":{"name":"Arkansas","abbreviation":"AR","capital":"Little Rock","city":"Little Rock","population":2959373,"area":137733,"waterarea":2960,"landarea":134770,"houseseats":4,"statehood":"1836-06-15","group":"US States"},"geometry":{"coordinates":[[[-94.042964,33.019219],[-94.043036,33.079485],[-94.04287,33.092727],[-94.043007,33.13389],[-94.043077,33.138162],[-94.043185,33.143476],[-94.042875,33.199785],[-94.042892,33.202666],[-94.042876,33.215219],[-94.04273,33.241823],[-94.043004,33.250128],[-94.04305,33.260904],[-94.04299,33.271227],[-94.04299,33.271243],[-94.043067,33.330498],[-94.043067,33.347351],[-94.043067,33.352097],[-94.043128,33.358757],[-94.042869,33.37117],[-94.043053,33.377716],[-94.042887,33.420225],[-94.042988,33.431024],[-94.042988,33.435824],[-94.043188,33.470324],[-94.043279,33.49103],[-94.043009,33.493039],[-94.043375,33.542315],[-94.043428,33.551425],[-94.04345,33.552253],[-94.066846,33.568909],[-94.085243,33.575546],[-94.181805,33.593217],[-94.252656,33.586144],[-94.257801,33.582508],[-94.355945,33.54318],[-94.409329,33.568265],[-94.464336,33.598819],[-94.470963,33.60594],[-94.478366,33.620847],[-94.485875,33.637867],[-94.485577,33.65331],[-94.485528,33.663388],[-94.48452,33.687909],[-94.484616,33.691592],[-94.48384,33.711332],[-94.483874,33.716733],[-94.48287,33.750564],[-94.482862,33.75078],[-94.482777,33.753638],[-94.482682,33.756286],[-94.481842,33.789008],[-94.481543,33.795719],[-94.481361,33.802649],[-94.481355,33.802887],[-94.480574,33.830166],[-94.479954,33.85133],[-94.478994,33.881197],[-94.478842,33.881485],[-94.477387,33.937759],[-94.477318,33.940932],[-94.477038,33.953838],[-94.476957,33.957365],[-94.474895,34.019655],[-94.474896,34.021838],[-94.474896,34.021877],[-94.470292,34.189864],[-94.465847,34.352073],[-94.465425,34.359548],[-94.464176,34.402713],[-94.463816,34.414465],[-94.463671,34.419585],[-94.461149,34.507457],[-94.460058,34.545264],[-94.460052,34.547869],[-94.4575,34.634945],[-94.45753,34.642961],[-94.454576,34.728962],[-94.450233,34.855413],[-94.45014,34.858694],[-94.450065,34.861335],[-94.44963,34.875253],[-94.449058,34.890556],[-94.449086,34.894152],[-94.449253,34.895869],[-94.447889,34.933941],[-94.441232,35.119724],[-94.440754,35.128806],[-94.43955,35.169037],[-94.439509,35.171807],[-94.439056,35.193588],[-94.439084,35.197298],[-94.43847,35.208587],[-94.438247,35.210992],[-94.437774,35.239271],[-94.437578,35.242202],[-94.435812,35.2713],[-94.435706,35.274267],[-94.435316,35.275893],[-94.43528,35.287485],[-94.43517,35.291494],[-94.434115,35.306493],[-94.431815,35.362891],[-94.432685,35.380806],[-94.433742,35.386467],[-94.433915,35.387391],[-94.431215,35.39429],[-94.431789,35.397659],[-94.463318,35.58266],[-94.464097,35.587265],[-94.464457,35.588909],[-94.465272,35.594037],[-94.472647,35.638556],[-94.487585,35.726147],[-94.48821,35.72924],[-94.492932,35.759166],[-94.493362,35.761892],[-94.494549,35.768303],[-94.499045,35.79346],[-94.499647,35.79691],[-94.500526,35.802642],[-94.500764,35.80382],[-94.501162,35.80643],[-94.503011,35.81721],[-94.504438,35.826369],[-94.505642,35.833628],[-94.507631,35.845901],[-94.522658,35.93425],[-94.522658,35.934799],[-94.522634,35.934892],[-94.52291,35.936127],[-94.524344,35.94405],[-94.52464,35.945727],[-94.528162,35.965665],[-94.528305,35.966054],[-94.532071,35.987852],[-94.533646,35.996804],[-94.534852,36.002678],[-94.535724,36.007807],[-94.547715,36.077271],[-94.547871,36.078281],[-94.552184,36.102235],[-94.561165,36.15211],[-94.562803,36.161749],[-94.562828,36.161895],[-94.565655,36.178439],[-94.566588,36.183774],[-94.571253,36.210901],[-94.571806,36.213748],[-94.574395,36.229996],[-94.57488,36.232741],[-94.575071,36.233682],[-94.576003,36.24007],[-94.577899,36.249548],[-94.577883,36.25008],[-94.5862,36.299969],[-94.593397,36.345742],[-94.599723,36.387587],[-94.601984,36.40212],[-94.602623,36.405283],[-94.605408,36.421949],[-94.611609,36.461528],[-94.61383,36.476248],[-94.615311,36.484992],[-94.617919,36.499414],[-94.55929,36.499496],[-94.519478,36.499214],[-94.111473,36.498597],[-94.110673,36.498587],[-94.100252,36.49867],[-94.098588,36.498676],[-94.077089,36.49873],[-93.96392,36.498717],[-93.95919,36.498717],[-93.92184,36.498718],[-93.906128,36.498718],[-93.866758,36.498789],[-93.728022,36.499037],[-93.727552,36.499055],[-93.718893,36.499178],[-93.709956,36.499179],[-93.700171,36.499135],[-93.584282,36.498896],[-93.584281,36.498896],[-93.514512,36.498881],[-93.507408,36.498911],[-93.426989,36.498585],[-93.396079,36.498669],[-93.394718,36.498519],[-93.315337,36.498408],[-93.315324,36.498408],[-93.296117,36.498389],[-93.088988,36.498184],[-93.087635,36.498239],[-93.069512,36.498242],[-93.068455,36.49825],[-93.013742,36.49813],[-92.894336,36.497867],[-92.894001,36.49785],[-92.854049,36.497983],[-92.838876,36.498033],[-92.838621,36.498079],[-92.772341,36.497772],[-92.772333,36.497772],[-92.529145,36.497739],[-92.318415,36.497711],[-92.309424,36.497894],[-92.216412,36.498417],[-92.214143,36.498372],[-92.211449,36.498395],[-92.199396,36.498351],[-92.150295,36.498634],[-92.137741,36.498706],[-92.120415,36.498863],[-92.120306,36.498864],[-92.098356,36.498803],[-92.074934,36.498761],[-92.057178,36.49867],[-92.055789,36.49867],[-92.028847,36.498642],[-92.019375,36.498524],[-91.988751,36.498498],[-91.985802,36.498431],[-91.865995,36.498783],[-91.864385,36.498789],[-91.805981,36.498987],[-91.80204,36.498963],[-91.7995,36.498952],[-91.784713,36.499074],[-91.766111,36.499114],[-91.726663,36.499209],[-91.687615,36.499397],[-91.686026,36.499374],[-91.672343,36.499463],[-91.64259,36.499335],[-91.631439,36.499198],[-91.601317,36.499343],[-91.596213,36.499162],[-91.549163,36.499161],[-91.539359,36.499116],[-91.53687,36.499156],[-91.529774,36.499022],[-91.450005,36.497538],[-91.446284,36.497469],[-91.436502,36.497377],[-91.433298,36.497262],[-91.407261,36.497123],[-91.407137,36.497112],[-91.405141,36.497165],[-91.404915,36.49712],[-91.227398,36.497617],[-91.218645,36.497564],[-91.21736,36.497511],[-91.126529,36.497712],[-91.096277,36.497893],[-91.09588,36.49787],[-91.017974,36.498062],[-91.008558,36.49827],[-90.963063,36.498418],[-90.960648,36.498426],[-90.87922,36.498378],[-90.876867,36.498423],[-90.876567,36.498313],[-90.873775,36.498074],[-90.850434,36.498548],[-90.784398,36.498524],[-90.782454,36.498523],[-90.765672,36.498494],[-90.711226,36.498318],[-90.693005,36.49851],[-90.653246,36.498488],[-90.648494,36.498447],[-90.612554,36.498559],[-90.60545,36.498459],[-90.5943,36.498459],[-90.585342,36.498497],[-90.57618,36.498446],[-90.576112,36.498446],[-90.50016,36.498399],[-90.495027,36.498371],[-90.494575,36.498368],[-90.339892,36.498213],[-90.228943,36.497771],[-90.220732,36.497858],[-90.220702,36.497858],[-90.217323,36.497797],[-90.193943,36.497823],[-90.152481,36.497952],[-90.154409,36.496832],[-90.156369,36.487748],[-90.133993,36.437906],[-90.072897,36.393007],[-90.064514,36.382085],[-90.06398,36.303038],[-90.076301,36.280708],[-90.083731,36.272332],[-90.114922,36.265595],[-90.198735,36.201382],[-90.220425,36.184764],[-90.319168,36.089976],[-90.36443,36.013625],[-90.368718,35.995812],[-90.342616,35.995895],[-90.339434,35.996033],[-90.292376,35.996397],[-90.288947,35.996418],[-90.2888,35.996419],[-90.158812,35.997375],[-90.127331,35.997635],[-90.12635,35.997596],[-89.972563,35.998994],[-89.965327,35.998813],[-89.961075,35.999135],[-89.959893,35.99902],[-89.959377,35.99902],[-89.959375,35.99902],[-89.901183,35.999365],[-89.896508,35.999432],[-89.875586,35.999562],[-89.875085,35.999578],[-89.87459,35.999575],[-89.86901,35.99964],[-89.770255,36.000524],[-89.769973,36.000536],[-89.737648,36.000567],[-89.737564,36.000522],[-89.733095,36.000608],[-89.71997,35.97462],[-89.686924,35.947716],[-89.687939,35.905384],[-89.688141,35.896946],[-89.714934,35.906247],[-89.73361,35.904699],[-89.756036,35.896817],[-89.765689,35.891299],[-89.771726,35.879724],[-89.773564,35.871697],[-89.772467,35.865098],[-89.769413,35.861558],[-89.749424,35.852955],[-89.729517,35.847632],[-89.709261,35.838911],[-89.702883,35.834153],[-89.701045,35.828227],[-89.703875,35.820281],[-89.821216,35.756716],[-89.865631,35.746577],[-89.889023,35.750558],[-89.905538,35.759063],[-89.909996,35.759396],[-89.950278,35.738493],[-89.956254,35.733386],[-89.958882,35.723834],[-89.955753,35.690621],[-89.937383,35.665711],[-89.922749,35.655293],[-89.906147,35.651145],[-89.89051,35.652408],[-89.884932,35.655107],[-89.909797,35.537914],[-89.933572,35.533299],[-89.957347,35.528683],[-90.017312,35.555996],[-90.02862,35.555249],[-90.032938,35.55344],[-90.039744,35.548041],[-90.034976,35.480705],[-90.034014,35.468821],[-90.04768,35.459255],[-90.059068,35.457889],[-90.067798,35.466224],[-90.072154,35.470752],[-90.07442,35.472518],[-90.107723,35.476935],[-90.152386,35.436789],[-90.169002,35.421853],[-90.179265,35.385194],[-90.178341,35.382092],[-90.166246,35.374745],[-90.143633,35.374745],[-90.13551,35.376668],[-90.093589,35.393333],[-90.089612,35.379842],[-90.086691,35.369935],[-90.114893,35.303887],[-90.153394,35.302588],[-90.158913,35.300637],[-90.163812,35.296115],[-90.168871,35.281997],[-90.166594,35.274588],[-90.158865,35.262577],[-90.152094,35.255989],[-90.140394,35.252289],[-90.116493,35.255788],[-90.105093,35.254288],[-90.097947,35.249983],[-90.07741,35.225479],[-90.074262,35.218316],[-90.073354,35.211004],[-90.064612,35.140621],[-90.065392,35.137691],[-90.08342,35.12167],[-90.09061,35.118287],[-90.100593,35.116691],[-90.109393,35.118891],[-90.142794,35.135091],[-90.160058,35.12883],[-90.174594,35.116682],[-90.193859,35.061646],[-90.295596,35.040093],[-90.309877,35.00975],[-90.309297,34.995694],[-90.253969,34.954988],[-90.244476,34.937596],[-90.250095,34.90732],[-90.293918,34.860563],[-90.307384,34.846195],[-90.407964,34.832767],[-90.414864,34.831846],[-90.423879,34.834606],[-90.436431,34.85506],[-90.461451,34.856728],[-90.473961,34.852558],[-90.478131,34.832542],[-90.467289,34.782502],[-90.479799,34.769158],[-90.494811,34.76749],[-90.501325,34.769931],[-90.519831,34.782502],[-90.537345,34.78417],[-90.549855,34.76332],[-90.554859,34.727458],[-90.533175,34.707442],[-90.509823,34.689928],[-90.508989,34.679086],[-90.521499,34.66324],[-90.539013,34.65907],[-90.549855,34.662406],[-90.564033,34.665742],[-90.576543,34.657402],[-90.575786,34.641749],[-90.570133,34.524829],[-90.565809,34.4354],[-90.575336,34.415152],[-90.613944,34.390723],[-90.658542,34.375705],[-90.764143,34.363396],[-90.856367,34.238928],[-90.868775,34.228245],[-90.894744,34.229977],[-90.91148,34.223051],[-90.913212,34.210355],[-90.895898,34.191888],[-90.880894,34.180346],[-90.880317,34.169381],[-90.893013,34.155531],[-90.918405,34.154376],[-90.934564,34.130138],[-90.933116,34.124488],[-90.931969,34.120017],[-90.928793,34.107631],[-90.912057,34.095512],[-90.888396,34.087433],[-90.879163,34.065503],[-90.887413,34.032505],[-90.964708,34.007952],[-91.01889,34.003151],[-91.089119,33.972653],[-91.088164,33.960078],[-91.036821,33.914656],[-91.067511,33.840443],[-91.139869,33.777117],[-91.144682,33.750108],[-91.136118,33.728632],[-91.126805,33.707814],[-91.1279,33.695762],[-91.132831,33.688092],[-91.139953,33.683709],[-91.14817,33.679327],[-91.17611,33.684257],[-91.185971,33.679327],[-91.18871,33.669466],[-91.193093,33.656866],[-91.186519,33.645909],[-91.157484,33.626187],[-91.130445,33.606034],[-91.134043,33.594489],[-91.152148,33.582721],[-91.224121,33.567369],[-91.228287,33.559937],[-91.232295,33.552788],[-91.215671,33.529423],[-91.125109,33.472842],[-91.118495,33.449116],[-91.131885,33.430063],[-91.184427,33.419576],[-91.141216,33.298397],[-91.110561,33.24593],[-91.085984,33.221644],[-91.087589,33.145177],[-91.125656,33.038276],[-91.157662,33.011217],[-91.166073,33.004106],[-91.265018,33.005084],[-91.284398,33.005007],[-91.312016,33.005262],[-91.322506,33.005341],[-91.325037,33.005364],[-91.326396,33.005376],[-91.329767,33.005421],[-91.333011,33.005529],[-91.376016,33.005794],[-91.425466,33.006016],[-91.435782,33.006099],[-91.46037,33.006246],[-91.559494,33.00684],[-91.572326,33.006908],[-91.579639,33.006472],[-91.579802,33.006518],[-91.609001,33.006556],[-91.617615,33.006717],[-91.62667,33.006639],[-91.950001,33.00752],[-91.951958,33.007428],[-92.069105,33.008163],[-92.222825,33.00908],[-92.292664,33.010103],[-92.335893,33.010349],[-92.362865,33.010628],[-92.37029,33.010717],[-92.469762,33.01201],[-92.501383,33.01216],[-92.503776,33.012161],[-92.711289,33.014307],[-92.715884,33.014398],[-92.723553,33.014328],[-92.724743,33.014347],[-92.724994,33.014351],[-92.733197,33.014347],[-92.830798,33.015661],[-92.844073,33.016034],[-92.844286,33.01607],[-92.854167,33.016132],[-92.86751,33.016062],[-92.946553,33.016807],[-92.971137,33.017192],[-92.988708,33.017298],[-93.070686,33.017792],[-93.073167,33.017898],[-93.081428,33.017928],[-93.100981,33.017786],[-93.101443,33.01774],[-93.154351,33.017856],[-93.197402,33.017951],[-93.238607,33.017992],[-93.308181,33.018156],[-93.308398,33.018179],[-93.340353,33.018337],[-93.377134,33.018234],[-93.467042,33.018611],[-93.489506,33.018443],[-93.49052,33.018442],[-93.490893,33.018442],[-93.520971,33.018616],[-93.520994,33.018616],[-93.524916,33.018637],[-93.531499,33.018643],[-93.80493,33.019347],[-93.814553,33.019372],[-94.024475,33.019207],[-94.027983,33.019139],[-94.035839,33.019145],[-94.041444,33.019188],[-94.042964,33.019219]]],"type":"Polygon"}},{"_id":"kentucky","type":"Feature","properties":{"name":"Kentucky","abbreviation":"KY","capital":"Frankfort","city":"Louisville","population":4395295,"area":104656,"waterarea":2385,"landarea":102268,"houseseats":6,"statehood":"1792-06-01","group":"US States"},"geometry":{"coordinates":[[[[-89.5391,36.498201],[-89.560344,36.525436],[-89.570071,36.544387],[-89.571509,36.552569],[-89.566817,36.564216],[-89.55264,36.577178],[-89.546113,36.579989],[-89.527583,36.581147],[-89.500076,36.576305],[-89.484836,36.571821],[-89.479093,36.568206],[-89.473341,36.559918],[-89.467761,36.546847],[-89.465445,36.536163],[-89.465888,36.529946],[-89.47246,36.513741],[-89.485106,36.497692],[-89.492537,36.497775],[-89.498036,36.497887],[-89.5391,36.498201]]],[[[-82.60423,38.247303],[-82.644739,38.165487],[-82.636466,38.13786],[-82.621164,38.123239],[-82.602618,38.11835],[-82.600127,38.117389],[-82.547284,38.061094],[-82.539139,38.039093],[-82.519665,38.008538],[-82.509812,38.001249],[-82.487732,37.99833],[-82.465473,37.98478],[-82.464096,37.982437],[-82.464987,37.976859],[-82.4973,37.945507],[-82.497358,37.945338],[-82.500386,37.936518],[-82.474666,37.910388],[-82.417679,37.870658],[-82.400234,37.851833],[-82.329867,37.775897],[-82.319023,37.758892],[-82.326404,37.740815],[-82.325739,37.735799],[-82.307235,37.707669],[-82.297011,37.687273],[-82.25028,37.657776],[-82.21967,37.643046],[-82.141814,37.595052],[-82.125601,37.579021],[-82.125892,37.574031],[-82.116584,37.559588],[-82.048521,37.531078],[-82.008274,37.533357],[-81.999844,37.542579],[-81.998177,37.543082],[-81.968297,37.537798],[-82.291908,37.311642],[-82.305874,37.3011],[-82.310793,37.297387],[-82.350948,37.267077],[-82.510826,37.218091],[-82.553549,37.200867],[-82.565329,37.196118],[-82.565375,37.196092],[-82.624878,37.162932],[-82.721941,37.105689],[-82.720597,37.081833],[-82.722472,37.045101],[-82.771795,37.015716],[-82.777368,37.015279],[-82.788897,37.00816],[-82.789092,37.007995],[-82.790462,37.007263],[-82.79089,37.00676],[-82.800531,37.007944],[-82.815748,37.007196],[-82.818006,37.006161],[-82.830588,37.000945],[-82.829125,36.997541],[-82.830802,36.993445],[-82.833843,36.991973],[-82.836008,36.988837],[-82.838549,36.987027],[-82.840051,36.987113],[-82.851397,36.984497],[-82.852614,36.984963],[-82.862926,36.979975],[-82.864909,36.97901],[-82.866019,36.978272],[-82.866689,36.978052],[-82.867535,36.977518],[-82.868455,36.976481],[-82.869183,36.974183],[-82.869183,36.974182],[-82.870274,36.965993],[-82.87023,36.965498],[-82.867358,36.963182],[-82.865404,36.958084],[-82.864211,36.957983],[-82.862866,36.957765],[-82.860534,36.956015],[-82.858443,36.954036],[-82.855705,36.953808],[-82.856099,36.952471],[-82.860633,36.94584],[-82.861282,36.944848],[-82.861684,36.939316],[-82.860537,36.937439],[-82.858784,36.933065],[-82.858461,36.932717],[-82.861943,36.924236],[-82.863468,36.922308],[-82.872136,36.913456],[-82.873777,36.912299],[-82.885618,36.900415],[-82.91169,36.874248],[-82.911824,36.874243],[-82.973395,36.859097],[-83.07259,36.854589],[-83.099792,36.824889],[-83.131694,36.781488],[-83.131245,36.767105],[-83.125655,36.761407],[-83.125728,36.761276],[-83.127833,36.750828],[-83.136395,36.743088],[-83.167396,36.739187],[-83.199698,36.737487],[-83.342804,36.701286],[-83.353613,36.696699],[-83.354606,36.696153],[-83.460808,36.664885],[-83.461013,36.664916],[-83.498011,36.670485],[-83.527212,36.665984],[-83.649513,36.616683],[-83.675413,36.600814],[-83.677114,36.596582],[-83.690714,36.582581],[-83.930669,36.588249],[-83.987612,36.589595],[-83.987842,36.5896],[-84.227295,36.591685],[-84.261333,36.591981],[-84.778455,36.603222],[-84.785341,36.603372],[-84.785399,36.603374],[-84.859759,36.606428],[-84.859738,36.606495],[-84.974888,36.614327],[-85.086415,36.621913],[-85.096128,36.622483],[-85.276284,36.626511],[-85.276289,36.626511],[-85.29599,36.625488],[-85.436418,36.618194],[-85.471338,36.61638],[-85.508605,36.61502],[-85.551483,36.615727],[-85.552017,36.615782],[-85.788613,36.621845],[-85.788645,36.621846],[-85.976421,36.6284],[-86.03277,36.630367],[-86.033139,36.630413],[-86.038366,36.630804],[-86.080666,36.63394],[-86.081944,36.633848],[-86.197573,36.639363],[-86.204859,36.639741],[-86.205468,36.639783],[-86.216183,36.640527],[-86.21641,36.640595],[-86.219081,36.640824],[-86.222151,36.640891],[-86.333051,36.648778],[-86.411387,36.65055],[-86.468497,36.651841],[-86.47219,36.651763],[-86.473413,36.651676],[-86.473497,36.651671],[-86.564143,36.633472],[-86.564252,36.633522],[-86.605042,36.652125],[-86.606394,36.652107],[-86.75892,36.649018],[-86.763295,36.648907],[-86.813037,36.647647],[-86.816186,36.647722],[-86.818405,36.647639],[-86.833155,36.64721],[-86.854268,36.646884],[-86.906023,36.646302],[-86.906583,36.646255],[-87.060843,36.643412],[-87.114976,36.642414],[-87.114983,36.642414],[-87.23053,36.641895],[-87.231037,36.641888],[-87.247655,36.641841],[-87.278398,36.641718],[-87.281506,36.641761],[-87.33598,36.641543],[-87.344131,36.64151],[-87.347796,36.64144],[-87.414309,36.641047],[-87.425009,36.641047],[-87.436509,36.640747],[-87.563052,36.639113],[-87.564928,36.639113],[-87.641146,36.638036],[-87.64115,36.638036],[-87.694186,36.636838],[-87.853204,36.633247],[-87.849567,36.663701],[-88.011792,36.677025],[-88.070532,36.678118],[-88.068208,36.659747],[-88.055604,36.63571],[-88.045127,36.602939],[-88.035625,36.561736],[-88.032489,36.540662],[-88.037822,36.51385],[-88.039481,36.510408],[-88.053205,36.497129],[-88.053292,36.49713],[-88.320794,36.500432],[-88.325895,36.500483],[-88.330799,36.500531],[-88.41636,36.500756],[-88.450161,36.501101],[-88.452543,36.500872],[-88.472564,36.501028],[-88.489075,36.501068],[-88.48921,36.501068],[-88.51192,36.501457],[-88.51227,36.501506],[-88.516346,36.501431],[-88.516427,36.50143],[-88.545192,36.501814],[-88.577283,36.50194],[-88.661133,36.502243],[-88.715255,36.502662],[-88.747523,36.502834],[-88.799594,36.502757],[-88.816765,36.502815],[-88.827012,36.50285],[-88.827301,36.502852],[-88.834626,36.502914],[-88.834866,36.502911],[-88.874725,36.502446],[-88.964471,36.502191],[-89.000063,36.502633],[-89.006825,36.502684],[-89.010439,36.50271],[-89.034649,36.502964],[-89.058871,36.503157],[-89.072118,36.503249],[-89.090146,36.503392],[-89.117537,36.503603],[-89.119805,36.503647],[-89.163224,36.504522],[-89.163429,36.504526],[-89.211409,36.50563],[-89.279091,36.506511],[-89.282298,36.506782],[-89.346053,36.50321],[-89.346056,36.50321],[-89.356593,36.502195],[-89.380085,36.500416],[-89.381792,36.500062],[-89.403913,36.499141],[-89.417293,36.499033],[-89.400581,36.538337],[-89.38814,36.573416],[-89.376367,36.613868],[-89.365548,36.625059],[-89.343753,36.630991],[-89.327578,36.632127],[-89.326731,36.632186],[-89.313405,36.62012],[-89.294637,36.593729],[-89.27171,36.571387],[-89.259994,36.565149],[-89.236542,36.566824],[-89.227319,36.569375],[-89.213563,36.580119],[-89.202607,36.601576],[-89.200902,36.618177],[-89.197654,36.628936],[-89.187749,36.641115],[-89.174741,36.650416],[-89.174733,36.650476],[-89.171882,36.672526],[-89.19948,36.716045],[-89.201047,36.725772],[-89.197808,36.739412],[-89.184523,36.753638],[-89.169106,36.759473],[-89.142313,36.755369],[-89.130399,36.751702],[-89.123548,36.78522],[-89.12353,36.785309],[-89.179229,36.812915],[-89.178574,36.816554],[-89.177177,36.835779],[-89.147674,36.847148],[-89.100766,36.943973],[-89.100794,36.944006],[-89.132685,36.9822],[-89.166447,37.003337],[-89.173595,37.011409],[-89.178975,37.020928],[-89.182509,37.037275],[-89.181369,37.046305],[-89.175725,37.062069],[-89.171881,37.068184],[-89.168087,37.074218],[-89.086526,37.165602],[-89.041263,37.202881],[-89.000968,37.224401],[-88.98326,37.228685],[-88.966831,37.229891],[-88.933399,37.225007],[-88.933385,37.225005],[-88.942111,37.228811],[-88.928021,37.226281],[-88.916934,37.224291],[-88.809206,37.189235],[-88.625889,37.119458],[-88.589207,37.099655],[-88.576718,37.085852],[-88.564152,37.07844],[-88.560032,37.07601],[-88.545403,37.070003],[-88.531576,37.067192],[-88.514356,37.065231],[-88.490297,37.066669],[-88.482856,37.067114],[-88.458948,37.073796],[-88.444605,37.098601],[-88.424403,37.152428],[-88.447764,37.203527],[-88.458763,37.213536],[-88.471753,37.220155],[-88.509328,37.26213],[-88.515939,37.284043],[-88.514661,37.290948],[-88.476592,37.386875],[-88.470224,37.396255],[-88.456,37.408482],[-88.439333,37.416416],[-88.414895,37.423461],[-88.408808,37.425216],[-88.358436,37.40486],[-88.330622,37.429316],[-88.312585,37.440591],[-88.281667,37.452596],[-88.255193,37.456748],[-88.083395,37.473683],[-88.062562,37.489385],[-88.061292,37.505232],[-88.061311,37.505332],[-88.063311,37.515755],[-88.072242,37.528826],[-88.121517,37.568166],[-88.133235,37.574154],[-88.133306,37.574191],[-88.133393,37.574235],[-88.133416,37.574277],[-88.139973,37.586451],[-88.156827,37.632801],[-88.160187,37.657592],[-88.158207,37.664542],[-88.151646,37.675098],[-88.122412,37.709685],[-88.072538,37.733286],[-88.059588,37.742608],[-88.050969,37.752599],[-88.045008,37.762436],[-88.039,37.775454],[-88.02803,37.799224],[-88.017314,37.801911],[-88.004706,37.800145],[-87.976389,37.788004],[-87.970869,37.783456],[-87.943756,37.776843],[-87.90681,37.807624],[-87.903804,37.817762],[-87.907773,37.837611],[-87.910276,37.843416],[-87.914892,37.849618],[-87.927303,37.858709],[-87.936228,37.867937],[-87.940005,37.875044],[-87.940839,37.883338],[-87.940069,37.88767],[-87.936784,37.892587],[-87.927424,37.902038],[-87.904789,37.924892],[-87.898062,37.927514],[-87.883321,37.926238],[-87.87254,37.920999],[-87.865558,37.915056],[-87.857243,37.900649],[-87.841193,37.882325],[-87.830578,37.876516],[-87.7909,37.875714],[-87.783643,37.877759],[-87.76226,37.890906],[-87.700421,37.900858],[-87.684018,37.903498],[-87.67573,37.90193],[-87.666481,37.895786],[-87.662865,37.885578],[-87.681633,37.855917],[-87.6819,37.84641],[-87.679188,37.836321],[-87.670889,37.828429],[-87.645858,37.825899],[-87.615399,37.831974],[-87.606599,37.838669],[-87.591504,37.856642],[-87.588729,37.860984],[-87.588426,37.868791],[-87.591582,37.887194],[-87.597118,37.892394],[-87.620272,37.906922],[-87.626256,37.916138],[-87.62896,37.926714],[-87.601416,37.972542],[-87.592916,37.975842],[-87.585916,37.975442],[-87.581115,37.973442],[-87.574715,37.967742],[-87.573415,37.962642],[-87.574287,37.954842],[-87.57203,37.947466],[-87.559342,37.931146],[-87.550333,37.92489],[-87.511499,37.906426],[-87.451185,37.941034],[-87.450458,37.941451],[-87.436859,37.944192],[-87.418585,37.944763],[-87.402632,37.942267],[-87.380247,37.935596],[-87.302324,37.898445],[-87.269561,37.877155],[-87.26293,37.872846],[-87.20224,37.843791],[-87.132621,37.791008],[-87.128749,37.785728],[-87.119229,37.782848],[-87.111133,37.782512],[-87.090636,37.787808],[-87.077404,37.796209],[-87.067836,37.806065],[-87.057836,37.827457],[-87.043854,37.870796],[-87.043407,37.87994],[-87.046237,37.889866],[-87.042249,37.898291],[-87.033444,37.906593],[-87.010315,37.919668],[-86.978957,37.9302],[-86.97883,37.930214],[-86.919329,37.936664],[-86.902413,37.946161],[-86.884961,37.964373],[-86.85595,37.987292],[-86.823491,37.998939],[-86.815267,37.998877],[-86.814776,37.998638],[-86.794985,37.988982],[-86.787695,37.971449],[-86.770179,37.940264],[-86.75099,37.912893],[-86.740877,37.902568],[-86.73146,37.89434],[-86.72351,37.892831],[-86.718462,37.893123],[-86.709164,37.89764],[-86.660293,37.865057],[-86.655296,37.842508],[-86.655285,37.842506],[-86.648028,37.841425],[-86.634271,37.843845],[-86.604624,37.858272],[-86.525174,37.968228],[-86.524969,38.027879],[-86.521825,38.038327],[-86.517289,38.042634],[-86.51176,38.044448],[-86.490858,38.045796],[-86.490853,38.045796],[-86.466876,38.046597],[-86.452192,38.05049],[-86.438236,38.060426],[-86.432789,38.067171],[-86.430091,38.078638],[-86.426508,38.081784],[-86.398661,38.106238],[-86.332567,38.130131],[-86.326788,38.134604],[-86.323453,38.139032],[-86.314292,38.14261],[-86.309727,38.144393],[-86.283964,38.143185],[-86.271223,38.130112],[-86.278034,38.102426],[-86.27872,38.089303],[-86.273584,38.067443],[-86.266891,38.057125],[-86.220371,38.027922],[-86.178983,38.011308],[-86.172186,38.00992],[-86.029509,37.99264],[-85.998609,37.997775],[-85.951467,38.005608],[-85.947952,38.007083],[-85.941403,38.009831],[-85.930235,38.018311],[-85.922395,38.028679],[-85.911607,38.06689],[-85.906163,38.08617],[-85.904564,38.10027],[-85.905164,38.11107],[-85.909464,38.14007],[-85.908764,38.161169],[-85.89955,38.180343],[-85.897664,38.184269],[-85.829364,38.276769],[-85.823764,38.280569],[-85.816164,38.282969],[-85.791575,38.288566],[-85.791563,38.288569],[-85.780963,38.288469],[-85.773363,38.286169],[-85.765963,38.280469],[-85.766563,38.27767],[-85.761062,38.27257],[-85.750962,38.26787],[-85.744862,38.26717],[-85.683561,38.295469],[-85.675017,38.301317],[-85.653641,38.327108],[-85.638777,38.361443],[-85.638044,38.38027],[-85.638041,38.380338],[-85.632937,38.395666],[-85.620521,38.423105],[-85.607629,38.439295],[-85.462518,38.512602],[-85.433136,38.523914],[-85.432928,38.524072],[-85.423077,38.531581],[-85.417322,38.540763],[-85.4156,38.546341],[-85.415821,38.563558],[-85.427467,38.586735],[-85.439351,38.610388],[-85.456978,38.689135],[-85.452114,38.709348],[-85.434065,38.729455],[-85.422021,38.734834],[-85.410925,38.73708],[-85.333285,38.74048],[-85.289226,38.74241],[-85.275454,38.741172],[-85.258846,38.737754],[-85.246505,38.731821],[-85.226062,38.705456],[-85.213257,38.695446],[-85.201498,38.691575],[-85.189362,38.687579],[-85.172528,38.688082],[-85.156158,38.692251],[-85.13868,38.699168],[-85.106902,38.720789],[-85.100963,38.7268],[-85.024205,38.763311],[-84.995939,38.776756],[-84.984627,38.779072],[-84.973432,38.778847],[-84.944296,38.775184],[-84.844412,38.787078],[-84.81335,38.79833],[-84.791078,38.855859],[-84.785799,38.869496],[-84.785111,38.879988],[-84.789521,38.884687],[-84.813182,38.930583],[-84.849445,39.000923],[-84.878614,39.030296],[-84.889065,39.04082],[-84.897171,39.052407],[-84.897364,39.057378],[-84.888873,39.066376],[-84.831197,39.10192],[-84.820157,39.10548],[-84.78768,39.115297],[-84.766749,39.138558],[-84.754449,39.146658],[-84.744149,39.147458],[-84.732048,39.144458],[-84.718548,39.137059],[-84.689747,39.104159],[-84.684847,39.100459],[-84.632446,39.07676],[-84.623732,39.074427],[-84.620112,39.073457],[-84.603444,39.073699],[-84.510057,39.093593],[-84.509743,39.09366],[-84.506082,39.095081],[-84.502062,39.096641],[-84.493743,39.10246],[-84.432841,39.094261],[-84.326539,39.027463],[-84.319936,39.022081],[-84.31368,39.016981],[-84.304698,39.006455],[-84.234453,38.893226],[-84.232132,38.880483],[-84.232478,38.874638],[-84.233727,38.853576],[-84.231306,38.830552],[-84.229954,38.82765],[-84.2253,38.817665],[-84.212904,38.805707],[-84.205592,38.802588],[-84.071491,38.770475],[-84.052707,38.770542],[-84.044486,38.770572],[-83.978814,38.787104],[-83.962123,38.787384],[-83.943978,38.783616],[-83.903971,38.76816],[-83.903918,38.76815],[-83.870443,38.761608],[-83.859028,38.756793],[-83.85333,38.752572],[-83.777823,38.674453],[-83.773682,38.661309],[-83.769347,38.65522],[-83.762445,38.652103],[-83.706043,38.637101],[-83.679484,38.630036],[-83.663911,38.62793],[-83.655425,38.629735],[-83.649737,38.632753],[-83.646701,38.637489],[-83.642994,38.643273],[-83.636208,38.670584],[-83.626922,38.679387],[-83.615736,38.684145],[-83.574754,38.692671],[-83.533339,38.702105],[-83.520953,38.703045],[-83.512571,38.701716],[-83.369077,38.659334],[-83.333347,38.641562],[-83.324157,38.633326],[-83.320531,38.622713],[-83.2821,38.602987],[-83.265769,38.605278],[-83.156926,38.620547],[-83.142836,38.625076],[-83.135046,38.631719],[-83.127652,38.642451],[-83.030889,38.72556],[-83.030702,38.72572],[-83.011816,38.730057],[-82.979395,38.725976],[-82.968695,38.728776],[-82.943147,38.74328],[-82.923694,38.750076],[-82.894193,38.756576],[-82.889193,38.756076],[-82.879492,38.751476],[-82.875492,38.747276],[-82.874466,38.745346],[-82.871292,38.739376],[-82.869992,38.730477],[-82.870392,38.722077],[-82.873492,38.710077],[-82.869592,38.678177],[-82.853554,38.610926],[-82.847186,38.595166],[-82.839538,38.586159],[-82.820161,38.572703],[-82.816012,38.570733],[-82.800112,38.563183],[-82.789776,38.559951],[-82.730958,38.559264],[-82.724846,38.5576],[-82.696621,38.542112],[-82.690509,38.536576],[-82.665548,38.505808],[-82.665485,38.505734],[-82.593673,38.421809],[-82.596281,38.417681],[-82.597113,38.412881],[-82.595369,38.382722],[-82.595382,38.382712],[-82.593008,38.375082],[-82.571877,38.315781],[-82.574656,38.263873],[-82.578254,38.254809],[-82.584001,38.246371],[-82.59497,38.245453],[-82.60423,38.247303]]]],"type":"MultiPolygon"}},{"_id":"tennessee","type":"Feature","properties":{"name":"Tennessee","abbreviation":"TN","capital":"Nashville","city":"Memphis","population":6495978,"area":109152,"waterarea":2354,"landarea":106798,"houseseats":9,"statehood":"1796-06-01","group":"US States"},"geometry":{"coordinates":[[[-83.472108,36.597284],[-83.2763,36.598187],[-83.250304,36.593935],[-83.249899,36.593898],[-83.248933,36.593827],[-83.028357,36.593893],[-83.02725,36.593847],[-82.985087,36.593829],[-82.830433,36.593761],[-82.69578,36.593698],[-82.679879,36.593698],[-82.609176,36.594099],[-82.561074,36.5948],[-82.559774,36.5948],[-82.554294,36.594876],[-82.293814,36.595565],[-82.243274,36.595699],[-82.226653,36.595743],[-82.225716,36.595744],[-82.223445,36.595721],[-82.221713,36.595814],[-82.211005,36.59586],[-82.210497,36.595772],[-82.188491,36.595179],[-82.18074,36.594928],[-82.177247,36.594768],[-82.173982,36.594607],[-82.150727,36.594673],[-82.148569,36.594718],[-82.14607,36.594712],[-81.934144,36.594213],[-81.922644,36.616213],[-81.826742,36.614215],[-81.6469,36.611918],[-81.677535,36.588117],[-81.699962,36.539714],[-81.707963,36.536209],[-81.700553,36.51519],[-81.700093,36.514158],[-81.699601,36.512883],[-81.699446,36.511504],[-81.697744,36.508448],[-81.697829,36.507544],[-81.69729,36.504887],[-81.69797,36.504063],[-81.699923,36.500865],[-81.700238,36.500475],[-81.699928,36.498018],[-81.698265,36.497221],[-81.697261,36.496141],[-81.696835,36.493393],[-81.695907,36.49158],[-81.697287,36.484738],[-81.715082,36.453365],[-81.714277,36.450978],[-81.720969,36.3875],[-81.725938,36.340364],[-81.730976,36.341187],[-81.747842,36.337356],[-81.764927,36.338672],[-81.789712,36.348324],[-81.793688,36.360428],[-81.800812,36.358073],[-81.855005,36.337259],[-81.908137,36.302013],[-81.918113,36.28711],[-81.932994,36.264881],[-81.960101,36.228131],[-82.02664,36.130222],[-82.080143,36.10572],[-82.080518,36.10571],[-82.127146,36.104417],[-82.130646,36.106417],[-82.137974,36.119576],[-82.136547,36.128817],[-82.147948,36.149516],[-82.211251,36.159012],[-82.222052,36.156911],[-82.234807,36.14172],[-82.235479,36.140748],[-82.236415,36.139926],[-82.237737,36.139189],[-82.325169,36.119363],[-82.329177,36.117427],[-82.348422,36.115929],[-82.360919,36.110614],[-82.366566,36.10765],[-82.371383,36.106388],[-82.375558,36.105609],[-82.409458,36.083409],[-82.416857,36.072885],[-82.462958,36.007309],[-82.487411,35.991634],[-82.487451,35.991557],[-82.50586,35.978342],[-82.507068,35.977475],[-82.512598,35.975664],[-82.557529,35.954671],[-82.596774,35.964987],[-82.611262,35.973155],[-82.615062,36.000306],[-82.602877,36.039833],[-82.619205,36.056556],[-82.632265,36.065705],[-82.637165,36.065805],[-82.683565,36.046104],[-82.715365,36.024253],[-82.754465,36.004304],[-82.778625,35.974792],[-82.830112,35.932972],[-82.852554,35.949089],[-82.874159,35.952698],[-82.898505,35.945101],[-82.898506,35.9451],[-82.913338,35.924113],[-82.89798,35.881278],[-82.918356,35.845467],[-82.962842,35.795126],[-82.964108,35.7941],[-82.98397,35.77801],[-82.995803,35.773128],[-83.100225,35.774765],[-83.100329,35.774804],[-83.100233,35.774745],[-83.164909,35.759965],[-83.240669,35.72676],[-83.251247,35.719916],[-83.255489,35.714974],[-83.250695,35.709349],[-83.254231,35.695807],[-83.297154,35.65775],[-83.366941,35.638728],[-83.445802,35.611803],[-83.479082,35.583316],[-83.478523,35.579202],[-83.480617,35.576633],[-83.485527,35.568204],[-83.498335,35.562981],[-83.640498,35.566075],[-83.662957,35.569138],[-83.676268,35.570289],[-83.756917,35.563604],[-83.880074,35.518745],[-83.933876,35.472438],[-83.952676,35.460763],[-83.952882,35.460635],[-83.961053,35.464143],[-83.961056,35.463738],[-83.961054,35.462838],[-83.9614,35.459496],[-83.999906,35.425201],[-84.00225,35.422548],[-84.024756,35.353896],[-84.035343,35.350833],[-84.037494,35.34985],[-84.038081,35.348363],[-84.03245,35.32653],[-84.032479,35.325318],[-84.02141,35.301383],[-84.02351,35.295783],[-84.029033,35.291049],[-84.055712,35.268182],[-84.097508,35.247382],[-84.115048,35.249765],[-84.115279,35.250438],[-84.12115,35.250644],[-84.124915,35.24983],[-84.202879,35.255772],[-84.211818,35.266078],[-84.223718,35.269078],[-84.227818,35.267878],[-84.29024,35.225572],[-84.292321,35.206677],[-84.308437,35.093173],[-84.308576,35.092761],[-84.321869,34.988408],[-84.393935,34.988068],[-84.394903,34.98803],[-84.509052,34.988033],[-84.509886,34.98801],[-84.621483,34.988329],[-84.727434,34.98802],[-84.731022,34.988088],[-84.775852,34.9878],[-84.808127,34.987592],[-84.809184,34.987569],[-84.810477,34.987607],[-84.810742,34.987615],[-84.817279,34.987753],[-84.820478,34.987913],[-84.82401,34.987707],[-84.831799,34.988004],[-84.858032,34.987746],[-84.861314,34.987791],[-84.939306,34.987916],[-84.94442,34.987864],[-84.955623,34.98783],[-84.976973,34.987669],[-84.97986,34.987647],[-85.045052,34.986859],[-85.045183,34.986883],[-85.180553,34.986075],[-85.185905,34.985995],[-85.216554,34.985675],[-85.217854,34.985675],[-85.220554,34.985575],[-85.221854,34.985475],[-85.230354,34.985475],[-85.235555,34.985475],[-85.254955,34.985175],[-85.265055,34.985075],[-85.275856,34.984975],[-85.277556,34.984975],[-85.2945,34.984651],[-85.301488,34.984475],[-85.305457,34.984475],[-85.308257,34.984375],[-85.363919,34.983375],[-85.474472,34.983972],[-85.605165,34.984678],[-85.824411,34.988142],[-85.828724,34.988165],[-85.863935,34.988379],[-86.311274,34.991098],[-86.318761,34.991147],[-86.397203,34.99166],[-86.433927,34.991085],[-86.467798,34.990692],[-86.528485,34.990677],[-86.555864,34.990971],[-86.571217,34.991011],[-86.588962,34.991197],[-86.600039,34.99124],[-86.641212,34.99174],[-86.65961,34.991792],[-86.670853,34.992],[-86.67436,34.992001],[-86.676726,34.99207],[-86.677616,34.99207],[-86.783628,34.991925],[-86.783648,34.991925],[-86.820657,34.991764],[-86.836306,34.991764],[-86.83637,34.991764],[-86.846466,34.99186],[-86.849794,34.991924],[-86.862147,34.991956],[-86.96712,34.9944],[-86.970236,34.994546],[-86.972613,34.99461],[-86.974412,34.994513],[-87.000007,34.995121],[-87.011174,34.995162],[-87.210759,34.999024],[-87.216683,34.999148],[-87.224053,34.999327],[-87.230544,34.999484],[-87.270014,35.00039],[-87.299185,35.000915],[-87.349251,35.001662],[-87.359281,35.001823],[-87.381071,35.002118],[-87.391314,35.002374],[-87.4174,35.002669],[-87.421543,35.002679],[-87.428613,35.002795],[-87.606031,35.003343],[-87.664123,35.003523],[-87.671405,35.003537],[-87.696834,35.003852],[-87.700543,35.003988],[-87.702321,35.003945],[-87.709491,35.004089],[-87.75889,35.004711],[-87.767602,35.004783],[-87.773586,35.004946],[-87.851886,35.005656],[-87.853411,35.005576],[-87.853528,35.005541],[-87.872626,35.005571],[-87.877742,35.005512],[-87.877969,35.005468],[-87.984916,35.006256],[-88.18245,35.007712],[-88.200064,34.995634],[-88.253825,34.995553],[-88.258111,34.995463],[-88.363531,34.99559],[-88.380508,34.99561],[-88.469801,34.996052],[-88.469877,34.996033],[-88.786612,34.995252],[-88.823049,34.995157],[-89.017128,34.994649],[-89.138997,34.99433],[-89.139136,34.994307],[-89.198288,34.994484],[-89.352679,34.99442],[-89.493739,34.994361],[-89.511153,34.994755],[-89.644282,34.995293],[-89.724324,34.994763],[-89.795187,34.994293],[-89.848488,34.994193],[-89.883365,34.994261],[-89.893402,34.994356],[-90.309297,34.995694],[-90.309877,35.00975],[-90.295596,35.040093],[-90.193859,35.061646],[-90.174594,35.116682],[-90.160058,35.12883],[-90.142794,35.135091],[-90.109393,35.118891],[-90.100593,35.116691],[-90.09061,35.118287],[-90.08342,35.12167],[-90.065392,35.137691],[-90.064612,35.140621],[-90.073354,35.211004],[-90.074262,35.218316],[-90.07741,35.225479],[-90.097947,35.249983],[-90.105093,35.254288],[-90.116493,35.255788],[-90.140394,35.252289],[-90.152094,35.255989],[-90.158865,35.262577],[-90.166594,35.274588],[-90.168871,35.281997],[-90.163812,35.296115],[-90.158913,35.300637],[-90.153394,35.302588],[-90.114893,35.303887],[-90.086691,35.369935],[-90.089612,35.379842],[-90.093589,35.393333],[-90.13551,35.376668],[-90.143633,35.374745],[-90.166246,35.374745],[-90.178341,35.382092],[-90.179265,35.385194],[-90.169002,35.421853],[-90.152386,35.436789],[-90.107723,35.476935],[-90.07442,35.472518],[-90.072154,35.470752],[-90.067798,35.466224],[-90.059068,35.457889],[-90.04768,35.459255],[-90.034014,35.468821],[-90.034976,35.480705],[-90.039744,35.548041],[-90.032938,35.55344],[-90.02862,35.555249],[-90.017312,35.555996],[-89.957347,35.528683],[-89.933572,35.533299],[-89.909797,35.537914],[-89.884932,35.655107],[-89.89051,35.652408],[-89.906147,35.651145],[-89.922749,35.655293],[-89.937383,35.665711],[-89.955753,35.690621],[-89.958882,35.723834],[-89.956254,35.733386],[-89.950278,35.738493],[-89.909996,35.759396],[-89.905538,35.759063],[-89.889023,35.750558],[-89.865631,35.746577],[-89.821216,35.756716],[-89.703875,35.820281],[-89.701045,35.828227],[-89.702883,35.834153],[-89.709261,35.838911],[-89.729517,35.847632],[-89.749424,35.852955],[-89.769413,35.861558],[-89.772467,35.865098],[-89.773564,35.871697],[-89.771726,35.879724],[-89.765689,35.891299],[-89.756036,35.896817],[-89.73361,35.904699],[-89.714934,35.906247],[-89.688141,35.896946],[-89.687939,35.905384],[-89.686924,35.947716],[-89.71997,35.97462],[-89.733095,36.000608],[-89.706932,36.000981],[-89.690306,36.024835],[-89.687254,36.034048],[-89.684439,36.051719],[-89.624235,36.108626],[-89.601936,36.11947],[-89.594,36.12719],[-89.591605,36.144096],[-89.594397,36.155457],[-89.607004,36.171179],[-89.618228,36.179966],[-89.629452,36.185382],[-89.699817,36.248384],[-89.691308,36.252079],[-89.678046,36.248284],[-89.602374,36.238106],[-89.589561,36.239116],[-89.541621,36.247891],[-89.534745,36.252576],[-89.535529,36.270541],[-89.539487,36.277368],[-89.544797,36.280458],[-89.554289,36.277751],[-89.578492,36.288317],[-89.611819,36.309088],[-89.620255,36.323006],[-89.6198,36.329546],[-89.615841,36.336085],[-89.610689,36.340442],[-89.605668,36.342234],[-89.581636,36.342357],[-89.560439,36.337746],[-89.545006,36.336809],[-89.531822,36.339246],[-89.519,36.3486],[-89.513178,36.359897],[-89.509558,36.375065],[-89.519501,36.475419],[-89.522674,36.481305],[-89.5391,36.498201],[-89.498036,36.497887],[-89.492537,36.497775],[-89.485106,36.497692],[-89.493495,36.4787],[-89.493198,36.470124],[-89.486215,36.46162],[-89.471718,36.457001],[-89.460436,36.45814],[-89.448468,36.46442],[-89.429311,36.481875],[-89.417293,36.499033],[-89.403913,36.499141],[-89.381792,36.500062],[-89.380085,36.500416],[-89.356593,36.502195],[-89.346056,36.50321],[-89.346053,36.50321],[-89.282298,36.506782],[-89.279091,36.506511],[-89.211409,36.50563],[-89.163429,36.504526],[-89.163224,36.504522],[-89.119805,36.503647],[-89.117537,36.503603],[-89.090146,36.503392],[-89.072118,36.503249],[-89.058871,36.503157],[-89.034649,36.502964],[-89.010439,36.50271],[-89.006825,36.502684],[-89.000063,36.502633],[-88.964471,36.502191],[-88.874725,36.502446],[-88.834866,36.502911],[-88.834626,36.502914],[-88.827301,36.502852],[-88.827012,36.50285],[-88.816765,36.502815],[-88.799594,36.502757],[-88.747523,36.502834],[-88.715255,36.502662],[-88.661133,36.502243],[-88.577283,36.50194],[-88.545192,36.501814],[-88.516427,36.50143],[-88.516346,36.501431],[-88.51227,36.501506],[-88.51192,36.501457],[-88.48921,36.501068],[-88.489075,36.501068],[-88.472564,36.501028],[-88.452543,36.500872],[-88.450161,36.501101],[-88.41636,36.500756],[-88.330799,36.500531],[-88.325895,36.500483],[-88.320794,36.500432],[-88.053292,36.49713],[-88.053205,36.497129],[-88.039481,36.510408],[-88.037822,36.51385],[-88.032489,36.540662],[-88.035625,36.561736],[-88.045127,36.602939],[-88.055604,36.63571],[-88.068208,36.659747],[-88.070532,36.678118],[-88.011792,36.677025],[-87.849567,36.663701],[-87.853204,36.633247],[-87.694186,36.636838],[-87.64115,36.638036],[-87.641146,36.638036],[-87.564928,36.639113],[-87.563052,36.639113],[-87.436509,36.640747],[-87.425009,36.641047],[-87.414309,36.641047],[-87.347796,36.64144],[-87.344131,36.64151],[-87.33598,36.641543],[-87.281506,36.641761],[-87.278398,36.641718],[-87.247655,36.641841],[-87.231037,36.641888],[-87.23053,36.641895],[-87.114983,36.642414],[-87.114976,36.642414],[-87.060843,36.643412],[-86.906583,36.646255],[-86.906023,36.646302],[-86.854268,36.646884],[-86.833155,36.64721],[-86.818405,36.647639],[-86.816186,36.647722],[-86.813037,36.647647],[-86.763295,36.648907],[-86.75892,36.649018],[-86.606394,36.652107],[-86.605042,36.652125],[-86.564252,36.633522],[-86.564143,36.633472],[-86.473497,36.651671],[-86.473413,36.651676],[-86.47219,36.651763],[-86.468497,36.651841],[-86.411387,36.65055],[-86.333051,36.648778],[-86.222151,36.640891],[-86.219081,36.640824],[-86.21641,36.640595],[-86.216183,36.640527],[-86.205468,36.639783],[-86.204859,36.639741],[-86.197573,36.639363],[-86.081944,36.633848],[-86.080666,36.63394],[-86.038366,36.630804],[-86.033139,36.630413],[-86.03277,36.630367],[-85.976421,36.6284],[-85.788645,36.621846],[-85.788613,36.621845],[-85.552017,36.615782],[-85.551483,36.615727],[-85.508605,36.61502],[-85.471338,36.61638],[-85.436418,36.618194],[-85.29599,36.625488],[-85.276289,36.626511],[-85.276284,36.626511],[-85.096128,36.622483],[-85.086415,36.621913],[-84.974888,36.614327],[-84.859738,36.606495],[-84.859759,36.606428],[-84.785399,36.603374],[-84.785341,36.603372],[-84.778455,36.603222],[-84.261333,36.591981],[-84.227295,36.591685],[-83.987842,36.5896],[-83.987612,36.589595],[-83.930669,36.588249],[-83.690714,36.582581],[-83.677114,36.596582],[-83.675413,36.600814],[-83.670141,36.600797],[-83.670128,36.600764],[-83.472108,36.597284]]],"type":"Polygon"}},{"_id":"iowa","type":"Feature","properties":{"name":"Iowa","abbreviation":"IA","capital":"Des Moines","city":"Des Moines","population":3090416,"area":145746,"waterarea":1077,"landarea":144669,"houseseats":4,"statehood":"1846-12-28","group":"US States"},"geometry":{"coordinates":[[[-91.163064,42.986781],[-91.14556,42.90798],[-91.143375,42.90467],[-91.117411,42.895837],[-91.100565,42.883078],[-91.077643,42.803798],[-91.069549,42.769628],[-91.064896,42.757272],[-91.053733,42.738238],[-90.976314,42.695996],[-90.949213,42.685573],[-90.896961,42.674407],[-90.84391,42.663071],[-90.769495,42.651443],[-90.720209,42.640758],[-90.709204,42.636078],[-90.702671,42.630756],[-90.645627,42.5441],[-90.636727,42.518702],[-90.636927,42.513202],[-90.640927,42.508302],[-90.655927,42.491703],[-90.656527,42.489203],[-90.656327,42.483603],[-90.654027,42.478503],[-90.646727,42.471904],[-90.624328,42.458904],[-90.559451,42.430695],[-90.477279,42.383794],[-90.474834,42.381473],[-90.419027,42.328505],[-90.416535,42.325109],[-90.4162,42.321314],[-90.424326,42.293326],[-90.430735,42.284211],[-90.430884,42.27823],[-90.419326,42.254467],[-90.391108,42.225473],[-90.375129,42.214811],[-90.356964,42.205445],[-90.349162,42.204277],[-90.316269,42.1936],[-90.306531,42.190439],[-90.234919,42.165431],[-90.211328,42.15401],[-90.167533,42.122475],[-90.162225,42.11488],[-90.161119,42.104404],[-90.163405,42.087613],[-90.168358,42.075779],[-90.166495,42.054543],[-90.164537,42.045007],[-90.154221,42.033073],[-90.150916,42.02944],[-90.141167,42.008931],[-90.140613,41.995999],[-90.1516,41.931002],[-90.152104,41.928947],[-90.181973,41.80707],[-90.187969,41.803163],[-90.20844,41.797176],[-90.222263,41.793133],[-90.242747,41.783767],[-90.278633,41.767358],[-90.302782,41.750031],[-90.309826,41.743321],[-90.31522,41.734264],[-90.317041,41.729104],[-90.334525,41.679559],[-90.343162,41.648141],[-90.34165,41.621484],[-90.39793,41.572233],[-90.461432,41.523533],[-90.474332,41.519733],[-90.499475,41.518055],[-90.605937,41.494232],[-90.655839,41.462132],[-90.737537,41.450127],[-90.771672,41.450761],[-90.786282,41.452888],[-90.847458,41.455019],[-90.989976,41.431962],[-91.027787,41.423603],[-91.039872,41.418523],[-91.047819,41.4109],[-91.078682,41.336089],[-91.079657,41.333727],[-91.114186,41.250029],[-91.113648,41.241401],[-91.049808,41.178033],[-91.019036,41.16491],[-91.005503,41.165622],[-90.997906,41.162564],[-90.989663,41.155716],[-90.946627,41.096632],[-90.949383,41.072711],[-90.949383,41.07271],[-90.948523,41.070248],[-90.945549,41.06173],[-90.942253,41.034702],[-90.952233,40.954047],[-90.962916,40.924957],[-90.968995,40.919127],[-90.9985,40.90812],[-91.009536,40.900565],[-91.092993,40.821079],[-91.097553,40.808433],[-91.097031,40.802471],[-91.094728,40.797833],[-91.11194,40.697018],[-91.112258,40.696218],[-91.122421,40.670675],[-91.138055,40.660893],[-91.185415,40.638052],[-91.18698,40.637297],[-91.197906,40.636107],[-91.218437,40.638437],[-91.253074,40.637962],[-91.306524,40.626231],[-91.339719,40.613488],[-91.348733,40.609695],[-91.359873,40.601805],[-91.405241,40.554641],[-91.406851,40.547557],[-91.404125,40.539127],[-91.384531,40.530948],[-91.369059,40.512532],[-91.364211,40.500043],[-91.36391,40.490122],[-91.372554,40.4012],[-91.375746,40.391879],[-91.38836,40.384929],[-91.419422,40.378264],[-91.484507,40.3839],[-91.490977,40.393484],[-91.524612,40.410765],[-91.619486,40.507134],[-91.622362,40.514362],[-91.618028,40.53403],[-91.620071,40.540817],[-91.696359,40.588148],[-91.716769,40.59853],[-91.729115,40.61364],[-91.785916,40.611488],[-91.795374,40.611101],[-91.800133,40.610953],[-91.813968,40.610526],[-91.824826,40.610191],[-91.832481,40.609797],[-91.868401,40.608059],[-91.943114,40.605913],[-91.970988,40.605112],[-91.998683,40.604433],[-92.029649,40.603713],[-92.067904,40.602648],[-92.069521,40.602772],[-92.082339,40.602176],[-92.0832,40.602244],[-92.092875,40.602082],[-92.096387,40.60183],[-92.17978,40.600529],[-92.196162,40.600069],[-92.201669,40.59998],[-92.217603,40.599832],[-92.236484,40.599531],[-92.298754,40.598469],[-92.331205,40.597805],[-92.331445,40.597714],[-92.350776,40.597274],[-92.350807,40.597273],[-92.379691,40.596509],[-92.453745,40.595288],[-92.461609,40.595355],[-92.481692,40.594941],[-92.482394,40.594894],[-92.484588,40.594924],[-92.580278,40.592151],[-92.637898,40.590853],[-92.639223,40.590825],[-92.686693,40.589809],[-92.689854,40.589884],[-92.714598,40.589564],[-92.742232,40.589207],[-92.757407,40.588908],[-92.828061,40.588593],[-92.827992,40.588515],[-92.835074,40.588484],[-92.857391,40.58836],[-92.863034,40.588175],[-92.879178,40.588341],[-92.889796,40.588039],[-92.903544,40.58786],[-92.941595,40.587743],[-92.957747,40.58743],[-93.085517,40.584403],[-93.097296,40.584014],[-93.098507,40.583973],[-93.260612,40.580797],[-93.317605,40.580671],[-93.345442,40.580514],[-93.374386,40.580334],[-93.441767,40.579916],[-93.465297,40.580164],[-93.466887,40.580072],[-93.524124,40.580481],[-93.527607,40.580436],[-93.528177,40.580367],[-93.548284,40.580417],[-93.553986,40.580303],[-93.556899,40.580235],[-93.558938,40.580189],[-93.560798,40.580304],[-93.56524,40.580143],[-93.56581,40.580075],[-93.566189,40.580117],[-93.597352,40.579496],[-93.656211,40.578352],[-93.659272,40.57833],[-93.661913,40.578354],[-93.668845,40.578241],[-93.677099,40.578127],[-93.690333,40.577875],[-93.722443,40.577641],[-93.728355,40.577547],[-93.737259,40.577542],[-93.742759,40.577518],[-93.750223,40.57772],[-93.770231,40.577615],[-93.774344,40.577584],[-93.815485,40.577278],[-93.818725,40.577086],[-93.84093,40.576791],[-93.853656,40.576606],[-93.898327,40.576011],[-93.899317,40.575942],[-93.900877,40.575874],[-93.913961,40.575672],[-93.935687,40.57533],[-93.936317,40.575284],[-93.937097,40.575421],[-93.938627,40.575284],[-93.939857,40.575192],[-93.963863,40.574754],[-93.976766,40.574635],[-94.015492,40.573914],[-94.034134,40.573585],[-94.080223,40.572899],[-94.080463,40.572899],[-94.089194,40.572806],[-94.091085,40.572897],[-94.23224,40.571907],[-94.28735,40.571521],[-94.294813,40.571341],[-94.310724,40.571524],[-94.324765,40.571477],[-94.336556,40.571475],[-94.336706,40.571452],[-94.358307,40.571363],[-94.429725,40.571041],[-94.460088,40.570947],[-94.470648,40.57083],[-94.471213,40.570825],[-94.48928,40.570707],[-94.533878,40.570739],[-94.537058,40.570763],[-94.538318,40.570763],[-94.541828,40.570809],[-94.542154,40.570809],[-94.594001,40.570966],[-94.632032,40.571186],[-94.632035,40.571186],[-94.682601,40.571787],[-94.714925,40.572201],[-94.716665,40.572201],[-94.773988,40.572977],[-94.811188,40.573532],[-94.819978,40.573714],[-94.823758,40.573942],[-94.896801,40.574738],[-94.901451,40.574877],[-94.914896,40.575068],[-94.955134,40.575669],[-94.966491,40.575839],[-95.068921,40.57688],[-95.079742,40.577007],[-95.097607,40.577168],[-95.107213,40.577116],[-95.110303,40.57716],[-95.110663,40.577206],[-95.112222,40.577228],[-95.120829,40.577413],[-95.154499,40.57786],[-95.164058,40.578017],[-95.202264,40.578528],[-95.211408,40.57865],[-95.21159,40.578654],[-95.212715,40.578679],[-95.213327,40.578689],[-95.217455,40.578759],[-95.218783,40.578781],[-95.221525,40.578827],[-95.335588,40.579871],[-95.357802,40.5801],[-95.373893,40.580501],[-95.373923,40.580501],[-95.415406,40.581014],[-95.469319,40.58154],[-95.525392,40.58209],[-95.526682,40.582136],[-95.533182,40.582249],[-95.554959,40.582629],[-95.574046,40.582963],[-95.611069,40.583495],[-95.64184,40.584234],[-95.687442,40.58438],[-95.6875,40.584381],[-95.746443,40.584935],[-95.765645,40.585208],[-95.753148,40.59284],[-95.750053,40.597052],[-95.748626,40.603355],[-95.776251,40.647463],[-95.786568,40.657253],[-95.795489,40.662384],[-95.822913,40.66724],[-95.842801,40.677496],[-95.883178,40.717579],[-95.888907,40.731855],[-95.88669,40.742101],[-95.881529,40.750611],[-95.872281,40.758349],[-95.861695,40.762871],[-95.854172,40.784012],[-95.821193,40.876682],[-95.823123,40.900924],[-95.829074,40.975688],[-95.835434,40.984184],[-95.867286,41.001599],[-95.867246,41.043671],[-95.866289,41.051731],[-95.853396,41.16028],[-95.852788,41.165398],[-95.91459,41.185098],[-95.92319,41.190998],[-95.923219,41.191046],[-95.92599,41.195698],[-95.927491,41.202198],[-95.924891,41.211198],[-95.90249,41.273398],[-95.91379,41.320197],[-95.92569,41.322197],[-95.939291,41.328897],[-95.953091,41.339896],[-95.956691,41.345496],[-95.956791,41.349196],[-95.93831,41.392162],[-95.937346,41.394403],[-95.930705,41.433894],[-95.981319,41.506837],[-95.994784,41.526242],[-96.030593,41.527292],[-96.036603,41.509047],[-96.040701,41.507076],[-96.046707,41.507085],[-96.055096,41.509577],[-96.089714,41.531778],[-96.09409,41.539265],[-96.118105,41.613495],[-96.116233,41.621574],[-96.097728,41.639633],[-96.095046,41.647365],[-96.095415,41.652736],[-96.099837,41.66103],[-96.121726,41.68274],[-96.096795,41.698681],[-96.077088,41.715403],[-96.064537,41.793002],[-96.06577,41.798174],[-96.071007,41.804639],[-96.077646,41.808804],[-96.086407,41.81138],[-96.110907,41.830818],[-96.139554,41.86583],[-96.144483,41.871854],[-96.161756,41.90182],[-96.161988,41.905553],[-96.159098,41.910057],[-96.142265,41.915379],[-96.136743,41.920826],[-96.129186,41.965136],[-96.129505,41.971673],[-96.22173,42.026205],[-96.251714,42.040472],[-96.272877,42.047238],[-96.279079,42.074026],[-96.307421,42.130707],[-96.344121,42.162091],[-96.349688,42.172043],[-96.35987,42.210545],[-96.356666,42.215077],[-96.356591,42.215182],[-96.336323,42.218922],[-96.323723,42.229887],[-96.322868,42.233637],[-96.328905,42.254734],[-96.348814,42.282024],[-96.375307,42.318339],[-96.384169,42.325874],[-96.407998,42.337408],[-96.413895,42.343393],[-96.417786,42.351449],[-96.415509,42.400294],[-96.413609,42.407894],[-96.387608,42.432494],[-96.380707,42.446394],[-96.381307,42.461694],[-96.385407,42.473094],[-96.396107,42.484095],[-96.409408,42.487595],[-96.443408,42.489495],[-96.466253,42.497702],[-96.476947,42.508677],[-96.481308,42.516556],[-96.479909,42.524195],[-96.477709,42.535595],[-96.476952,42.556079],[-96.479685,42.561238],[-96.516338,42.630435],[-96.542366,42.660736],[-96.575299,42.682665],[-96.601989,42.697429],[-96.60614,42.694661],[-96.610975,42.694751],[-96.630617,42.70588],[-96.639704,42.737071],[-96.633168,42.768325],[-96.632142,42.770863],[-96.577813,42.828102],[-96.563058,42.831051],[-96.552092,42.836057],[-96.549513,42.839143],[-96.54146,42.857682],[-96.523264,42.909059],[-96.510749,42.944397],[-96.509479,42.971122],[-96.513111,43.02788],[-96.466017,43.062235],[-96.455107,43.083366],[-96.439335,43.113916],[-96.436589,43.120842],[-96.475571,43.221054],[-96.485264,43.224183],[-96.557126,43.224192],[-96.572489,43.249178],[-96.584124,43.268101],[-96.586317,43.274319],[-96.56911,43.295535],[-96.551929,43.292974],[-96.530392,43.300034],[-96.525564,43.312467],[-96.521264,43.374978],[-96.521697,43.386897],[-96.524044,43.394762],[-96.529152,43.397735],[-96.531159,43.39561],[-96.53746,43.395246],[-96.557586,43.406792],[-96.594254,43.434153],[-96.60286,43.450907],[-96.600039,43.45708],[-96.58407,43.468856],[-96.587151,43.484697],[-96.598928,43.500457],[-96.591213,43.500514],[-96.453049,43.500415],[-96.351059,43.500333],[-96.332062,43.500415],[-96.208814,43.500391],[-96.198766,43.500312],[-96.198484,43.500335],[-96.053163,43.500176],[-95.861152,43.499966],[-95.860946,43.499966],[-95.834421,43.499966],[-95.821277,43.499965],[-95.741569,43.499891],[-95.740813,43.499894],[-95.514774,43.499865],[-95.486803,43.500246],[-95.486737,43.500274],[-95.475065,43.500335],[-95.454706,43.500563],[-95.454706,43.500648],[-95.454433,43.500644],[-95.434293,43.50036],[-95.434199,43.500314],[-95.387851,43.50024],[-95.387812,43.50024],[-95.387787,43.50024],[-95.375269,43.500322],[-95.374737,43.500314],[-95.250969,43.500464],[-95.250762,43.500406],[-95.214938,43.500885],[-95.180423,43.500774],[-95.167891,43.500885],[-95.167294,43.500771],[-95.122633,43.500755],[-95.114874,43.500667],[-95.054289,43.50086],[-95.053504,43.500769],[-95.034,43.500811],[-95.014245,43.500872],[-94.99446,43.500523],[-94.974359,43.500508],[-94.954477,43.500467],[-94.934625,43.50049],[-94.914955,43.50045],[-94.914905,43.50045],[-94.914634,43.50045],[-94.914523,43.50045],[-94.887291,43.500502],[-94.874235,43.500557],[-94.872725,43.500564],[-94.860192,43.500546],[-94.857867,43.500615],[-94.854555,43.500614],[-94.615916,43.500544],[-94.565665,43.50033],[-94.560838,43.500377],[-94.47042,43.50034],[-94.447048,43.500639],[-94.442848,43.500583],[-94.442835,43.500583],[-94.390597,43.500469],[-94.377466,43.500379],[-94.247965,43.500333],[-94.10988,43.500283],[-94.108068,43.5003],[-94.094339,43.500302],[-94.092894,43.500302],[-93.970762,43.499605],[-93.97076,43.499605],[-93.795793,43.49952],[-93.794285,43.499542],[-93.716217,43.499563],[-93.708771,43.499564],[-93.704916,43.499568],[-93.699345,43.499576],[-93.648533,43.499559],[-93.617131,43.499548],[-93.576728,43.49952],[-93.558631,43.499521],[-93.532178,43.499472],[-93.528482,43.499471],[-93.497405,43.499456],[-93.49735,43.499456],[-93.488261,43.499417],[-93.482009,43.499482],[-93.472804,43.4994],[-93.468563,43.499473],[-93.428509,43.499478],[-93.399035,43.499485],[-93.2718,43.499356],[-93.228861,43.499567],[-93.049192,43.499571],[-93.024429,43.499572],[-93.024348,43.499572],[-93.007871,43.499604],[-92.870277,43.499548],[-92.790317,43.499567],[-92.752088,43.500084],[-92.707312,43.500069],[-92.692786,43.500063],[-92.689033,43.500062],[-92.67258,43.500055],[-92.653318,43.50005],[-92.649194,43.500049],[-92.553161,43.5003],[-92.553128,43.5003],[-92.464505,43.500345],[-92.448948,43.50042],[-92.408832,43.500614],[-92.40613,43.500476],[-92.388298,43.500483],[-92.368908,43.500454],[-92.279084,43.500436],[-92.277425,43.500466],[-92.198788,43.500527],[-92.178863,43.500713],[-92.103886,43.500735],[-92.08997,43.500684],[-92.079954,43.500647],[-92.079802,43.500647],[-91.949879,43.500485],[-91.941837,43.500554],[-91.824848,43.500684],[-91.807156,43.500648],[-91.804925,43.500716],[-91.77929,43.500803],[-91.777688,43.500711],[-91.761414,43.500637],[-91.738446,43.500525],[-91.736558,43.500561],[-91.73333,43.500623],[-91.730359,43.50068],[-91.730217,43.50068],[-91.700749,43.500581],[-91.670872,43.500513],[-91.658401,43.500533],[-91.651396,43.500454],[-91.644924,43.500529],[-91.639772,43.500573],[-91.635626,43.500463],[-91.634495,43.500439],[-91.634244,43.500479],[-91.625611,43.500727],[-91.620785,43.500677],[-91.617407,43.500687],[-91.616895,43.500663],[-91.615293,43.50055],[-91.610895,43.50053],[-91.610832,43.50053],[-91.591073,43.500536],[-91.551021,43.500539],[-91.54122,43.500515],[-91.533806,43.50056],[-91.491042,43.50069],[-91.465063,43.500608],[-91.461403,43.500642],[-91.445932,43.500588],[-91.441786,43.500438],[-91.37695,43.500482],[-91.371608,43.500945],[-91.369325,43.500827],[-91.217706,43.50055],[-91.20555,43.422949],[-91.210233,43.372064],[-91.107237,43.313645],[-91.085652,43.29187],[-91.057918,43.255366],[-91.062562,43.243165],[-91.1462,43.152405],[-91.1562,43.142945],[-91.175253,43.134665],[-91.178251,43.124982],[-91.177222,43.080247],[-91.178087,43.062044],[-91.175167,43.041267],[-91.163064,42.986781]]],"type":"Polygon"}},{"_id":"indiana","type":"Feature","properties":{"name":"Indiana","abbreviation":"IN","capital":"Indianapolis","city":"Indianapolis","population":6570902,"area":94327,"waterarea":1536,"landarea":92789,"houseseats":9,"statehood":"1816-12-11","group":"US States"},"geometry":{"coordinates":[[[-84.804119,40.352757],[-84.803917,40.310115],[-84.803918,40.310094],[-84.804098,40.302498],[-84.805627,40.223659],[-84.806175,40.197995],[-84.80634,40.192327],[-84.806347,40.192252],[-84.806766,40.180128],[-84.808291,40.129027],[-84.808305,40.127018],[-84.808706,40.107216],[-84.809737,40.048929],[-84.810099,40.034214],[-84.81067,40.005074],[-84.812193,39.92734],[-84.812357,39.921764],[-84.812411,39.916916],[-84.812411,39.916915],[-84.812698,39.891585],[-84.812787,39.89083],[-84.81305,39.872958],[-84.813464,39.853261],[-84.813549,39.850773],[-84.813674,39.843173],[-84.813703,39.843059],[-84.813793,39.826771],[-84.813852,39.824621],[-84.814179,39.814212],[-84.81412,39.811398],[-84.814209,39.799755],[-84.814179,39.786853],[-84.814189,39.785569],[-84.814129,39.72662],[-84.814129,39.726556],[-84.81453,39.680429],[-84.814619,39.669174],[-84.814705,39.628854],[-84.815156,39.568351],[-84.815036,39.567695],[-84.814955,39.567251],[-84.814955,39.566251],[-84.815155,39.548051],[-84.815355,39.521951],[-84.815355,39.52195],[-84.815555,39.511052],[-84.815555,39.510952],[-84.815754,39.477358],[-84.815754,39.477352],[-84.817453,39.391753],[-84.819352,39.309454],[-84.819451,39.305153],[-84.819451,39.305152],[-84.819622,39.27159],[-84.819633,39.261855],[-84.819859,39.251018],[-84.819801,39.247806],[-84.819813,39.244334],[-84.819802,39.157613],[-84.819826,39.156504],[-84.819985,39.149081],[-84.820157,39.10548],[-84.831197,39.10192],[-84.888873,39.066376],[-84.897364,39.057378],[-84.897171,39.052407],[-84.889065,39.04082],[-84.878614,39.030296],[-84.849445,39.000923],[-84.813182,38.930583],[-84.789521,38.884687],[-84.785111,38.879988],[-84.785799,38.869496],[-84.791078,38.855859],[-84.81335,38.79833],[-84.844412,38.787078],[-84.944296,38.775184],[-84.973432,38.778847],[-84.984627,38.779072],[-84.995939,38.776756],[-85.024205,38.763311],[-85.100963,38.7268],[-85.106902,38.720789],[-85.13868,38.699168],[-85.156158,38.692251],[-85.172528,38.688082],[-85.189362,38.687579],[-85.201498,38.691575],[-85.213257,38.695446],[-85.226062,38.705456],[-85.246505,38.731821],[-85.258846,38.737754],[-85.275454,38.741172],[-85.289226,38.74241],[-85.333285,38.74048],[-85.410925,38.73708],[-85.422021,38.734834],[-85.434065,38.729455],[-85.452114,38.709348],[-85.456978,38.689135],[-85.439351,38.610388],[-85.427467,38.586735],[-85.415821,38.563558],[-85.4156,38.546341],[-85.417322,38.540763],[-85.423077,38.531581],[-85.432928,38.524072],[-85.433136,38.523914],[-85.462518,38.512602],[-85.607629,38.439295],[-85.620521,38.423105],[-85.632937,38.395666],[-85.638041,38.380338],[-85.638044,38.38027],[-85.638777,38.361443],[-85.653641,38.327108],[-85.675017,38.301317],[-85.683561,38.295469],[-85.744862,38.26717],[-85.750962,38.26787],[-85.761062,38.27257],[-85.766563,38.27767],[-85.765963,38.280469],[-85.773363,38.286169],[-85.780963,38.288469],[-85.791563,38.288569],[-85.791575,38.288566],[-85.816164,38.282969],[-85.823764,38.280569],[-85.829364,38.276769],[-85.897664,38.184269],[-85.89955,38.180343],[-85.908764,38.161169],[-85.909464,38.14007],[-85.905164,38.11107],[-85.904564,38.10027],[-85.906163,38.08617],[-85.911607,38.06689],[-85.922395,38.028679],[-85.930235,38.018311],[-85.941403,38.009831],[-85.947952,38.007083],[-85.951467,38.005608],[-85.998609,37.997775],[-86.029509,37.99264],[-86.172186,38.00992],[-86.178983,38.011308],[-86.220371,38.027922],[-86.266891,38.057125],[-86.273584,38.067443],[-86.27872,38.089303],[-86.278034,38.102426],[-86.271223,38.130112],[-86.283964,38.143185],[-86.309727,38.144393],[-86.314292,38.14261],[-86.323453,38.139032],[-86.326788,38.134604],[-86.332567,38.130131],[-86.398661,38.106238],[-86.426508,38.081784],[-86.430091,38.078638],[-86.432789,38.067171],[-86.438236,38.060426],[-86.452192,38.05049],[-86.466876,38.046597],[-86.490853,38.045796],[-86.490858,38.045796],[-86.51176,38.044448],[-86.517289,38.042634],[-86.521825,38.038327],[-86.524969,38.027879],[-86.525174,37.968228],[-86.604624,37.858272],[-86.634271,37.843845],[-86.648028,37.841425],[-86.655285,37.842506],[-86.655296,37.842508],[-86.660293,37.865057],[-86.709164,37.89764],[-86.718462,37.893123],[-86.72351,37.892831],[-86.73146,37.89434],[-86.740877,37.902568],[-86.75099,37.912893],[-86.770179,37.940264],[-86.787695,37.971449],[-86.794985,37.988982],[-86.814776,37.998638],[-86.815267,37.998877],[-86.823491,37.998939],[-86.85595,37.987292],[-86.884961,37.964373],[-86.902413,37.946161],[-86.919329,37.936664],[-86.97883,37.930214],[-86.978957,37.9302],[-87.010315,37.919668],[-87.033444,37.906593],[-87.042249,37.898291],[-87.046237,37.889866],[-87.043407,37.87994],[-87.043854,37.870796],[-87.057836,37.827457],[-87.067836,37.806065],[-87.077404,37.796209],[-87.090636,37.787808],[-87.111133,37.782512],[-87.119229,37.782848],[-87.128749,37.785728],[-87.132621,37.791008],[-87.20224,37.843791],[-87.26293,37.872846],[-87.269561,37.877155],[-87.302324,37.898445],[-87.380247,37.935596],[-87.402632,37.942267],[-87.418585,37.944763],[-87.436859,37.944192],[-87.450458,37.941451],[-87.451185,37.941034],[-87.511499,37.906426],[-87.550333,37.92489],[-87.559342,37.931146],[-87.57203,37.947466],[-87.574287,37.954842],[-87.573415,37.962642],[-87.574715,37.967742],[-87.581115,37.973442],[-87.585916,37.975442],[-87.592916,37.975842],[-87.601416,37.972542],[-87.62896,37.926714],[-87.626256,37.916138],[-87.620272,37.906922],[-87.597118,37.892394],[-87.591582,37.887194],[-87.588426,37.868791],[-87.588729,37.860984],[-87.591504,37.856642],[-87.606599,37.838669],[-87.615399,37.831974],[-87.645858,37.825899],[-87.670889,37.828429],[-87.679188,37.836321],[-87.6819,37.84641],[-87.681633,37.855917],[-87.662865,37.885578],[-87.666481,37.895786],[-87.67573,37.90193],[-87.684018,37.903498],[-87.700421,37.900858],[-87.76226,37.890906],[-87.783643,37.877759],[-87.7909,37.875714],[-87.830578,37.876516],[-87.841193,37.882325],[-87.857243,37.900649],[-87.865558,37.915056],[-87.87254,37.920999],[-87.883321,37.926238],[-87.898062,37.927514],[-87.904789,37.924892],[-87.927424,37.902038],[-87.936784,37.892587],[-87.940069,37.88767],[-87.940839,37.883338],[-87.940005,37.875044],[-87.936228,37.867937],[-87.927303,37.858709],[-87.914892,37.849618],[-87.910276,37.843416],[-87.907773,37.837611],[-87.903804,37.817762],[-87.90681,37.807624],[-87.943756,37.776843],[-87.970869,37.783456],[-87.976389,37.788004],[-88.004706,37.800145],[-88.017314,37.801911],[-88.02803,37.799224],[-88.027789,37.828298],[-88.049453,37.845187],[-88.071449,37.895813],[-88.055373,37.891238],[-88.021117,37.888057],[-88.017073,37.889222],[-88.013451,37.893951],[-88.012574,37.977062],[-88.041532,38.037345],[-88.042132,38.046345],[-88.013118,38.103527],[-87.974272,38.121981],[-87.942176,38.131759],[-87.92783,38.141545],[-87.911034,38.162194],[-87.910792,38.167666],[-87.915666,38.173322],[-87.928856,38.176771],[-87.940694,38.181261],[-87.951307,38.193099],[-87.959062,38.203712],[-87.961103,38.214733],[-87.955344,38.230008],[-87.951715,38.239632],[-87.923958,38.258409],[-87.863032,38.280172],[-87.750028,38.403027],[-87.740001,38.415698],[-87.656144,38.521668],[-87.669232,38.541742],[-87.670071,38.545237],[-87.651529,38.568166],[-87.627345,38.607237],[-87.62012,38.639489],[-87.60018,38.662462],[-87.593678,38.667402],[-87.579397,38.672475],[-87.540052,38.679143],[-87.531231,38.684036],[-87.519609,38.697198],[-87.498515,38.758983],[-87.495211,38.78306],[-87.525893,38.848795],[-87.528194,38.851691],[-87.532064,38.852503],[-87.537248,38.853592],[-87.550515,38.85956],[-87.553384,38.863344],[-87.540804,38.896385],[-87.528108,38.908027],[-87.52791,38.908209],[-87.518826,38.923205],[-87.512187,38.954417],[-87.572588,39.057286],[-87.614881,39.102655],[-87.658746,39.135997],[-87.651719,39.150602],[-87.642174,39.157097],[-87.628727,39.157427],[-87.605173,39.185897],[-87.587507,39.249282],[-87.593486,39.247452],[-87.604076,39.259459],[-87.605543,39.261122],[-87.61005,39.282232],[-87.604043,39.313526],[-87.589084,39.333831],[-87.584852,39.337329],[-87.544013,39.352907],[-87.537271,39.352089],[-87.531646,39.347888],[-87.531355,39.436656],[-87.531355,39.437732],[-87.531489,39.449474],[-87.531608,39.466225],[-87.531624,39.469378],[-87.531663,39.47711],[-87.531663,39.47712],[-87.531627,39.491698],[-87.531692,39.495516],[-87.531965,39.526937],[-87.531939,39.545853],[-87.532008,39.564013],[-87.532196,39.607306],[-87.532365,39.646126],[-87.532444,39.646102],[-87.532703,39.664868],[-87.533066,39.781743],[-87.533058,39.796243],[-87.533056,39.803922],[-87.533142,39.810947],[-87.533227,39.883],[-87.533227,39.883127],[-87.532776,39.971077],[-87.53279,39.97501],[-87.532683,39.977691],[-87.532542,39.987462],[-87.532331,39.997776],[-87.532287,40.000037],[-87.532308,40.011492],[-87.532308,40.011587],[-87.531561,40.133005],[-87.531759,40.144273],[-87.531439,40.148027],[-87.531438,40.148123],[-87.531133,40.17003],[-87.530828,40.191812],[-87.529992,40.250036],[-87.530054,40.250671],[-87.526809,40.46217],[-87.526549,40.475659],[-87.526511,40.476879],[-87.526502,40.477158],[-87.526379,40.491237],[-87.526376,40.491574],[-87.526352,40.535111],[-87.526292,40.535409],[-87.526129,40.736885],[-87.526129,40.73695],[-87.525783,40.854357],[-87.526113,40.879703],[-87.525962,40.880618],[-87.526437,40.894209],[-87.526084,40.911914],[-87.526305,41.010346],[-87.526307,41.010355],[-87.526346,41.010583],[-87.52652,41.024837],[-87.526711,41.121485],[-87.5267,41.139658],[-87.526696,41.149222],[-87.526693,41.153958],[-87.526719,41.159448],[-87.52666,41.16009],[-87.526567,41.163865],[-87.52657,41.166097],[-87.526768,41.298052],[-87.526768,41.298177],[-87.525623,41.453619],[-87.525671,41.470115],[-87.525669,41.470283],[-87.524641,41.563335],[-87.524642,41.622535],[-87.524742,41.632435],[-87.524642,41.634935],[-87.524844,41.691635],[-87.524944,41.702635],[-87.524044,41.708335],[-87.520544,41.709935],[-87.515243,41.704235],[-87.511043,41.696535],[-87.505343,41.691535],[-87.470742,41.672835],[-87.463142,41.675535],[-87.453041,41.673035],[-87.446113,41.66934],[-87.441987,41.671905],[-87.43853,41.670679],[-87.437191,41.669006],[-87.434849,41.666887],[-87.432953,41.665102],[-87.432396,41.66053],[-87.438941,41.654335],[-87.42984,41.646035],[-87.42344,41.642835],[-87.394539,41.637235],[-87.365439,41.629536],[-87.324338,41.623036],[-87.287637,41.622236],[-87.278437,41.619736],[-87.261536,41.620336],[-87.222644,41.624161],[-87.22066,41.624356],[-87.187651,41.629653],[-87.160625,41.637266],[-87.160784,41.645385],[-87.125835,41.650302],[-87.120322,41.645701],[-87.066033,41.661845],[-87.027888,41.674661],[-87.00964,41.68152],[-86.93483,41.709638],[-86.932747,41.71104],[-86.90913,41.726938],[-86.875429,41.737939],[-86.824828,41.76024],[-86.823628,41.76024],[-86.804427,41.76024],[-86.801578,41.76024],[-86.800707,41.76024],[-86.800611,41.760251],[-86.748096,41.759967],[-86.746521,41.759982],[-86.641186,41.759633],[-86.640044,41.759671],[-86.524223,41.759456],[-86.519318,41.759447],[-86.501773,41.759553],[-86.265496,41.760207],[-86.226097,41.760016],[-86.22607,41.760016],[-86.21759,41.760016],[-86.127844,41.760592],[-86.12546,41.76056],[-86.12506,41.760576],[-86.062572,41.760283],[-86.003683,41.760007],[-85.991302,41.759949],[-85.97498,41.759849],[-85.974901,41.759849],[-85.888825,41.759422],[-85.874997,41.759341],[-85.872041,41.759365],[-85.791363,41.759051],[-85.791335,41.759051],[-85.775039,41.759147],[-85.750469,41.75909],[-85.749992,41.759091],[-85.724534,41.759085],[-85.65975,41.759101],[-85.650738,41.759103],[-85.647683,41.759125],[-85.632714,41.759164],[-85.624987,41.759093],[-85.622608,41.759049],[-85.608312,41.759193],[-85.607548,41.759079],[-85.518251,41.759513],[-85.515959,41.759352],[-85.432471,41.759684],[-85.427553,41.759706],[-85.379133,41.759875],[-85.350174,41.759908],[-85.330623,41.759982],[-85.318129,41.759983],[-85.30814,41.760097],[-85.298365,41.760028],[-85.292178,41.759963],[-85.292099,41.759962],[-85.273713,41.75977],[-85.272951,41.759911],[-85.272216,41.759999],[-85.232835,41.759839],[-85.196774,41.759735],[-85.196637,41.759735],[-85.17223,41.759618],[-85.123102,41.759743],[-85.117267,41.7597],[-85.039436,41.759985],[-85.037817,41.759801],[-84.972803,41.759366],[-84.971551,41.759527],[-84.961562,41.759552],[-84.96086,41.759438],[-84.932484,41.759691],[-84.825196,41.75999],[-84.82513,41.759991],[-84.818873,41.760059],[-84.806134,41.743115],[-84.806074,41.737603],[-84.806065,41.732909],[-84.806042,41.720544],[-84.806018,41.707485],[-84.806082,41.696089],[-84.80621,41.67455],[-84.805673,41.632342],[-84.805696,41.631398],[-84.805812,41.61304],[-84.804729,41.530231],[-84.804729,41.530135],[-84.804729,41.530092],[-84.804551,41.500364],[-84.804457,41.488224],[-84.803919,41.435531],[-84.803956,41.426128],[-84.803956,41.426044],[-84.804015,41.411655],[-84.804046,41.408361],[-84.804133,41.408292],[-84.803926,41.367959],[-84.803582,41.271273],[-84.803581,41.271079],[-84.80358,41.270942],[-84.803492,41.252562],[-84.803492,41.252531],[-84.803472,41.173889],[-84.803594,41.173203],[-84.803413,41.164649],[-84.803378,41.096867],[-84.803374,41.089302],[-84.803313,40.989394],[-84.803313,40.989209],[-84.802936,40.922568],[-84.802935,40.922377],[-84.802538,40.765515],[-84.802266,40.742298],[-84.802119,40.728163],[-84.802119,40.728146],[-84.802181,40.718602],[-84.802094,40.702476],[-84.802127,40.691405],[-84.802157,40.689324],[-84.80222,40.674776],[-84.802193,40.660298],[-84.802135,40.644859],[-84.802265,40.572215],[-84.802265,40.572212],[-84.802483,40.528046],[-84.803068,40.465388],[-84.804119,40.352844],[-84.804119,40.352757]]],"type":"Polygon"}},{"_id":"illinois","type":"Feature","properties":{"name":"Illinois","abbreviation":"IL","capital":"Springfield","city":"Chicago","population":12882135,"area":149997,"waterarea":6203,"landarea":143794,"houseseats":18,"statehood":"1818-12-03","group":"US States"},"geometry":{"coordinates":[[[-89.366031,42.500274],[-89.361561,42.500012],[-89.290896,42.498853],[-89.250759,42.497994],[-89.246972,42.49813],[-89.228279,42.498047],[-89.22627,42.497957],[-89.166728,42.497256],[-89.164905,42.497347],[-89.125111,42.496957],[-89.120365,42.496992],[-89.116949,42.49691],[-89.099012,42.496499],[-89.071141,42.496208],[-89.042898,42.496255],[-89.013804,42.496097],[-89.013667,42.496087],[-88.992977,42.496026],[-88.992659,42.496025],[-88.943264,42.495114],[-88.940391,42.495046],[-88.940388,42.495046],[-88.776496,42.49402],[-88.70738,42.493587],[-88.707378,42.493587],[-88.506912,42.494883],[-88.470597,42.494672],[-88.461397,42.494618],[-88.417396,42.494618],[-88.304692,42.494773],[-88.271691,42.494818],[-88.2169,42.495923],[-88.200172,42.496016],[-88.199521,42.496013],[-88.049782,42.495319],[-87.99018,42.494519],[-87.971279,42.494019],[-87.900242,42.49302],[-87.843594,42.492307],[-87.815872,42.49192],[-87.800561,42.49192],[-87.800477,42.49192],[-87.800317,42.490578],[-87.798971,42.479278],[-87.79823,42.473054],[-87.798071,42.471721],[-87.800752,42.445867],[-87.80337,42.420621],[-87.803529,42.417759],[-87.80375,42.413793],[-87.80537,42.384721],[-87.80613,42.383357],[-87.81557,42.366416],[-87.81657,42.364621],[-87.820858,42.361584],[-87.820871,42.361544],[-87.826717,42.343497],[-87.830646,42.331368],[-87.830986,42.330317],[-87.831221,42.32853],[-87.834769,42.301522],[-87.833468,42.294892],[-87.832738,42.291173],[-87.83253,42.290109],[-87.831286,42.283772],[-87.828569,42.269922],[-87.828034,42.268673],[-87.82772,42.267937],[-87.826944,42.266125],[-87.825313,42.262313],[-87.812461,42.232278],[-87.812422,42.232185],[-87.812315,42.231935],[-87.812267,42.231823],[-87.808395,42.224271],[-87.803873,42.215449],[-87.800066,42.208024],[-87.798589,42.206007],[-87.7983,42.205611],[-87.797497,42.204514],[-87.797444,42.204442],[-87.796937,42.203748],[-87.796779,42.203533],[-87.788313,42.191966],[-87.787241,42.190501],[-87.775295,42.174179],[-87.759327,42.152362],[-87.75639,42.14835],[-87.755826,42.147579],[-87.754767,42.146132],[-87.754444,42.145691],[-87.754358,42.145573],[-87.750396,42.14016],[-87.748486,42.13755],[-87.746421,42.134729],[-87.741662,42.128227],[-87.741318,42.127812],[-87.740787,42.127172],[-87.740718,42.127089],[-87.739735,42.125903],[-87.739529,42.125655],[-87.733929,42.118903],[-87.730463,42.114723],[-87.729387,42.113426],[-87.729378,42.113414],[-87.728335,42.112157],[-87.728191,42.111984],[-87.727248,42.110847],[-87.727005,42.110554],[-87.725196,42.108373],[-87.724661,42.107727],[-87.724603,42.107674],[-87.723723,42.106879],[-87.722306,42.105596],[-87.72222,42.105518],[-87.7215,42.104866],[-87.720407,42.103878],[-87.720303,42.103783],[-87.718065,42.101758],[-87.717504,42.10125],[-87.717276,42.101044],[-87.717169,42.100947],[-87.712206,42.096455],[-87.71096,42.095328],[-87.706415,42.092213],[-87.704594,42.090966],[-87.703882,42.090478],[-87.70237,42.089442],[-87.682359,42.075729],[-87.682179,42.075441],[-87.68075,42.07316],[-87.679843,42.071713],[-87.671462,42.058334],[-87.670512,42.05298],[-87.670699,42.052305],[-87.671119,42.050781],[-87.671184,42.050548],[-87.671894,42.047972],[-87.671094,42.042802],[-87.668982,42.029142],[-87.630953,41.933132],[-87.63087,41.932784],[-87.627038,41.916738],[-87.624763,41.907209],[-87.624134,41.904574],[-87.624052,41.904232],[-87.622944,41.90202],[-87.619852,41.901392],[-87.617433,41.898032],[-87.614163,41.893418],[-87.612291,41.893335],[-87.611659,41.892216],[-87.611659,41.890708],[-87.61268,41.889248],[-87.614188,41.888421],[-87.613556,41.88448],[-87.613654,41.884412],[-87.615734,41.882958],[-87.616537,41.882396],[-87.616251,41.868933],[-87.60945,41.845233],[-87.600549,41.826833],[-87.587123,41.811422],[-87.587054,41.811342],[-87.580948,41.804334],[-87.58092,41.804225],[-87.58055,41.80275],[-87.576347,41.786034],[-87.560646,41.766034],[-87.542845,41.752135],[-87.530745,41.748235],[-87.524141,41.72399],[-87.524044,41.708335],[-87.524944,41.702635],[-87.524844,41.691635],[-87.524642,41.634935],[-87.524742,41.632435],[-87.524642,41.622535],[-87.524641,41.563335],[-87.525669,41.470283],[-87.525671,41.470115],[-87.525623,41.453619],[-87.526768,41.298177],[-87.526768,41.298052],[-87.52657,41.166097],[-87.526567,41.163865],[-87.52666,41.16009],[-87.526719,41.159448],[-87.526693,41.153958],[-87.526696,41.149222],[-87.5267,41.139658],[-87.526711,41.121485],[-87.52652,41.024837],[-87.526346,41.010583],[-87.526307,41.010355],[-87.526305,41.010346],[-87.526084,40.911914],[-87.526437,40.894209],[-87.525962,40.880618],[-87.526113,40.879703],[-87.525783,40.854357],[-87.526129,40.73695],[-87.526129,40.736885],[-87.526292,40.535409],[-87.526352,40.535111],[-87.526376,40.491574],[-87.526379,40.491237],[-87.526502,40.477158],[-87.526511,40.476879],[-87.526549,40.475659],[-87.526809,40.46217],[-87.530054,40.250671],[-87.529992,40.250036],[-87.530828,40.191812],[-87.531133,40.17003],[-87.531438,40.148123],[-87.531439,40.148027],[-87.531759,40.144273],[-87.531561,40.133005],[-87.532308,40.011587],[-87.532308,40.011492],[-87.532287,40.000037],[-87.532331,39.997776],[-87.532542,39.987462],[-87.532683,39.977691],[-87.53279,39.97501],[-87.532776,39.971077],[-87.533227,39.883127],[-87.533227,39.883],[-87.533142,39.810947],[-87.533056,39.803922],[-87.533058,39.796243],[-87.533066,39.781743],[-87.532703,39.664868],[-87.532444,39.646102],[-87.532365,39.646126],[-87.532196,39.607306],[-87.532008,39.564013],[-87.531939,39.545853],[-87.531965,39.526937],[-87.531692,39.495516],[-87.531627,39.491698],[-87.531663,39.47712],[-87.531663,39.47711],[-87.531624,39.469378],[-87.531608,39.466225],[-87.531489,39.449474],[-87.531355,39.437732],[-87.531355,39.436656],[-87.531646,39.347888],[-87.537271,39.352089],[-87.544013,39.352907],[-87.584852,39.337329],[-87.589084,39.333831],[-87.604043,39.313526],[-87.61005,39.282232],[-87.605543,39.261122],[-87.604076,39.259459],[-87.593486,39.247452],[-87.587507,39.249282],[-87.605173,39.185897],[-87.628727,39.157427],[-87.642174,39.157097],[-87.651719,39.150602],[-87.658746,39.135997],[-87.614881,39.102655],[-87.572588,39.057286],[-87.512187,38.954417],[-87.518826,38.923205],[-87.52791,38.908209],[-87.528108,38.908027],[-87.540804,38.896385],[-87.553384,38.863344],[-87.550515,38.85956],[-87.537248,38.853592],[-87.532064,38.852503],[-87.528194,38.851691],[-87.525893,38.848795],[-87.495211,38.78306],[-87.498515,38.758983],[-87.519609,38.697198],[-87.531231,38.684036],[-87.540052,38.679143],[-87.579397,38.672475],[-87.593678,38.667402],[-87.60018,38.662462],[-87.62012,38.639489],[-87.627345,38.607237],[-87.651529,38.568166],[-87.670071,38.545237],[-87.669232,38.541742],[-87.656144,38.521668],[-87.740001,38.415698],[-87.750028,38.403027],[-87.863032,38.280172],[-87.923958,38.258409],[-87.951715,38.239632],[-87.955344,38.230008],[-87.961103,38.214733],[-87.959062,38.203712],[-87.951307,38.193099],[-87.940694,38.181261],[-87.928856,38.176771],[-87.915666,38.173322],[-87.910792,38.167666],[-87.911034,38.162194],[-87.92783,38.141545],[-87.942176,38.131759],[-87.974272,38.121981],[-88.013118,38.103527],[-88.042132,38.046345],[-88.041532,38.037345],[-88.012574,37.977062],[-88.013451,37.893951],[-88.017073,37.889222],[-88.021117,37.888057],[-88.055373,37.891238],[-88.071449,37.895813],[-88.049453,37.845187],[-88.027789,37.828298],[-88.02803,37.799224],[-88.039,37.775454],[-88.045008,37.762436],[-88.050969,37.752599],[-88.059588,37.742608],[-88.072538,37.733286],[-88.122412,37.709685],[-88.151646,37.675098],[-88.158207,37.664542],[-88.160187,37.657592],[-88.156827,37.632801],[-88.139973,37.586451],[-88.133416,37.574277],[-88.133393,37.574235],[-88.133306,37.574191],[-88.133235,37.574154],[-88.121517,37.568166],[-88.072242,37.528826],[-88.063311,37.515755],[-88.061311,37.505332],[-88.061292,37.505232],[-88.062562,37.489385],[-88.083395,37.473683],[-88.255193,37.456748],[-88.281667,37.452596],[-88.312585,37.440591],[-88.330622,37.429316],[-88.358436,37.40486],[-88.408808,37.425216],[-88.414895,37.423461],[-88.439333,37.416416],[-88.456,37.408482],[-88.470224,37.396255],[-88.476592,37.386875],[-88.514661,37.290948],[-88.515939,37.284043],[-88.509328,37.26213],[-88.471753,37.220155],[-88.458763,37.213536],[-88.447764,37.203527],[-88.424403,37.152428],[-88.444605,37.098601],[-88.458948,37.073796],[-88.482856,37.067114],[-88.490297,37.066669],[-88.514356,37.065231],[-88.531576,37.067192],[-88.545403,37.070003],[-88.560032,37.07601],[-88.564152,37.07844],[-88.576718,37.085852],[-88.589207,37.099655],[-88.625889,37.119458],[-88.809206,37.189235],[-88.916934,37.224291],[-88.928021,37.226281],[-88.942111,37.228811],[-88.933385,37.225005],[-88.933399,37.225007],[-88.966831,37.229891],[-88.98326,37.228685],[-89.000968,37.224401],[-89.041263,37.202881],[-89.086526,37.165602],[-89.168087,37.074218],[-89.171881,37.068184],[-89.175725,37.062069],[-89.181369,37.046305],[-89.182509,37.037275],[-89.178975,37.020928],[-89.173595,37.011409],[-89.166447,37.003337],[-89.132685,36.9822],[-89.170008,36.970298],[-89.185491,36.973518],[-89.207013,36.982437],[-89.226247,36.985287],[-89.245481,36.98315],[-89.261154,36.982437],[-89.271127,36.985287],[-89.278628,36.98867],[-89.29213,36.992189],[-89.322733,37.009033],[-89.378277,37.039605],[-89.383937,37.046441],[-89.385434,37.05513],[-89.414471,37.12505],[-89.467631,37.2182],[-89.491222,37.248629],[-89.517032,37.28192],[-89.518393,37.289354],[-89.511842,37.310825],[-89.489005,37.333368],[-89.484598,37.334832],[-89.474569,37.338165],[-89.447556,37.340475],[-89.43604,37.344441],[-89.432836,37.347056],[-89.428185,37.356158],[-89.421054,37.387668],[-89.42594,37.407471],[-89.439769,37.4372],[-89.450969,37.450069],[-89.475525,37.471388],[-89.492051,37.494008],[-89.517051,37.537278],[-89.521697,37.557325],[-89.521523,37.566208],[-89.521407,37.572143],[-89.521274,37.578971],[-89.518007,37.583962],[-89.511936,37.584564],[-89.506563,37.62505],[-89.515436,37.67137],[-89.671255,37.801144],[-89.674304,37.803179],[-89.739873,37.84693],[-89.844786,37.905572],[-89.851048,37.90398],[-89.862949,37.896906],[-89.881475,37.879591],[-89.901832,37.869822],[-89.923185,37.870672],[-89.937383,37.874693],[-89.938191,37.875111],[-89.950594,37.881526],[-89.973642,37.917661],[-89.974918,37.926719],[-89.997103,37.963225],[-90.072283,38.017001],[-90.126532,38.041666],[-90.203847,38.088753],[-90.243116,38.112669],[-90.254112,38.12199],[-90.334258,38.189932],[-90.353902,38.213855],[-90.363926,38.236355],[-90.373929,38.281853],[-90.372519,38.323354],[-90.370819,38.333554],[-90.350918,38.375053],[-90.346118,38.381853],[-90.340297,38.386998],[-90.295316,38.426753],[-90.285215,38.443453],[-90.279215,38.472453],[-90.263064,38.52022],[-90.260314,38.528352],[-90.257773,38.532008],[-90.248913,38.544752],[-90.224512,38.574651],[-90.202511,38.588651],[-90.196011,38.594451],[-90.18451,38.611551],[-90.182625,38.617989],[-90.17801,38.63375],[-90.17771,38.64275],[-90.18111,38.65955],[-90.181399,38.660378],[-90.18641,38.67475],[-90.19521,38.68755],[-90.20221,38.69345],[-90.20921,38.70275],[-90.21201,38.71175],[-90.20991,38.72605],[-90.171309,38.766549],[-90.165082,38.770618],[-90.123107,38.798048],[-90.117707,38.805748],[-90.114707,38.815048],[-90.109107,38.837448],[-90.109407,38.843548],[-90.113327,38.849306],[-90.207035,38.898954],[-90.22585,38.908923],[-90.250248,38.919344],[-90.275932,38.926453],[-90.385751,38.956848],[-90.406367,38.962554],[-90.450792,38.967764],[-90.450809,38.967758],[-90.467784,38.961809],[-90.472122,38.958838],[-90.482419,38.94446],[-90.482725,38.934712],[-90.486974,38.925982],[-90.507451,38.902767],[-90.54403,38.87505],[-90.555693,38.870785],[-90.566557,38.868847],[-90.583388,38.86903],[-90.625122,38.888654],[-90.657254,38.92027],[-90.663372,38.928042],[-90.66587,38.934195],[-90.71158,39.046798],[-90.713629,39.053977],[-90.712541,39.057064],[-90.682744,39.088348],[-90.681086,39.10059],[-90.718996,39.224973],[-90.726981,39.251173],[-90.72996,39.255894],[-90.799346,39.313087],[-90.842175,39.341932],[-90.882706,39.362254],[-90.939983,39.393555],[-90.993789,39.422959],[-91.042351,39.452062],[-91.158606,39.553048],[-91.168419,39.564928],[-91.178012,39.598196],[-91.229317,39.620853],[-91.313162,39.684907],[-91.349039,39.712316],[-91.367753,39.729029],[-91.370009,39.732524],[-91.369953,39.745042],[-91.367962,39.759124],[-91.365396,39.777266],[-91.432919,39.840554],[-91.446385,39.870394],[-91.455887,39.945538],[-91.460287,39.980333],[-91.494865,40.037421],[-91.510322,40.127994],[-91.512974,40.181062],[-91.510332,40.201142],[-91.505968,40.234305],[-91.501435,40.248874],[-91.489868,40.286048],[-91.46214,40.342414],[-91.444833,40.36317],[-91.419422,40.378264],[-91.38836,40.384929],[-91.375746,40.391879],[-91.372554,40.4012],[-91.36391,40.490122],[-91.364211,40.500043],[-91.369059,40.512532],[-91.384531,40.530948],[-91.404125,40.539127],[-91.406851,40.547557],[-91.405241,40.554641],[-91.359873,40.601805],[-91.348733,40.609695],[-91.339719,40.613488],[-91.306524,40.626231],[-91.253074,40.637962],[-91.218437,40.638437],[-91.197906,40.636107],[-91.18698,40.637297],[-91.185415,40.638052],[-91.138055,40.660893],[-91.122421,40.670675],[-91.112258,40.696218],[-91.11194,40.697018],[-91.094728,40.797833],[-91.097031,40.802471],[-91.097553,40.808433],[-91.092993,40.821079],[-91.009536,40.900565],[-90.9985,40.90812],[-90.968995,40.919127],[-90.962916,40.924957],[-90.952233,40.954047],[-90.942253,41.034702],[-90.945549,41.06173],[-90.948523,41.070248],[-90.949383,41.07271],[-90.949383,41.072711],[-90.946627,41.096632],[-90.989663,41.155716],[-90.997906,41.162564],[-91.005503,41.165622],[-91.019036,41.16491],[-91.049808,41.178033],[-91.113648,41.241401],[-91.114186,41.250029],[-91.079657,41.333727],[-91.078682,41.336089],[-91.047819,41.4109],[-91.039872,41.418523],[-91.027787,41.423603],[-90.989976,41.431962],[-90.847458,41.455019],[-90.786282,41.452888],[-90.771672,41.450761],[-90.737537,41.450127],[-90.655839,41.462132],[-90.605937,41.494232],[-90.499475,41.518055],[-90.474332,41.519733],[-90.461432,41.523533],[-90.39793,41.572233],[-90.34165,41.621484],[-90.343162,41.648141],[-90.334525,41.679559],[-90.317041,41.729104],[-90.31522,41.734264],[-90.309826,41.743321],[-90.302782,41.750031],[-90.278633,41.767358],[-90.242747,41.783767],[-90.222263,41.793133],[-90.20844,41.797176],[-90.187969,41.803163],[-90.181973,41.80707],[-90.152104,41.928947],[-90.1516,41.931002],[-90.140613,41.995999],[-90.141167,42.008931],[-90.150916,42.02944],[-90.154221,42.033073],[-90.164537,42.045007],[-90.166495,42.054543],[-90.168358,42.075779],[-90.163405,42.087613],[-90.161119,42.104404],[-90.162225,42.11488],[-90.167533,42.122475],[-90.211328,42.15401],[-90.234919,42.165431],[-90.306531,42.190439],[-90.316269,42.1936],[-90.349162,42.204277],[-90.356964,42.205445],[-90.375129,42.214811],[-90.391108,42.225473],[-90.419326,42.254467],[-90.430884,42.27823],[-90.430735,42.284211],[-90.424326,42.293326],[-90.4162,42.321314],[-90.416535,42.325109],[-90.419027,42.328505],[-90.474834,42.381473],[-90.477279,42.383794],[-90.559451,42.430695],[-90.624328,42.458904],[-90.646727,42.471904],[-90.654027,42.478503],[-90.656327,42.483603],[-90.656527,42.489203],[-90.655927,42.491703],[-90.640927,42.508302],[-90.617731,42.508077],[-90.614589,42.508053],[-90.565441,42.5076],[-90.555862,42.507509],[-90.551165,42.507691],[-90.544799,42.507713],[-90.544347,42.507707],[-90.532254,42.507573],[-90.491716,42.507624],[-90.479446,42.507416],[-90.474955,42.507484],[-90.437011,42.507147],[-90.426378,42.507059],[-90.405927,42.506891],[-90.370673,42.507111],[-90.367874,42.507114],[-90.362652,42.507048],[-90.303823,42.507469],[-90.272864,42.507531],[-90.269335,42.507726],[-90.267143,42.507642],[-90.253121,42.50734],[-90.250622,42.507521],[-90.22319,42.507765],[-90.206073,42.507747],[-90.181572,42.508068],[-90.164363,42.508272],[-90.142922,42.508151],[-90.095004,42.507885],[-90.093026,42.50816],[-90.018665,42.507288],[-90.017028,42.507127],[-89.999314,42.506914],[-89.997213,42.506755],[-89.985645,42.506431],[-89.985072,42.506464],[-89.926484,42.505787],[-89.926374,42.505788],[-89.926224,42.505788],[-89.837587,42.505543],[-89.801897,42.505444],[-89.799704,42.505421],[-89.793957,42.505466],[-89.780302,42.505349],[-89.769643,42.505322],[-89.742395,42.505382],[-89.693487,42.505099],[-89.690088,42.505191],[-89.667596,42.50496],[-89.650324,42.504613],[-89.644176,42.50452],[-89.61341,42.503942],[-89.603523,42.503557],[-89.600001,42.503672],[-89.594779,42.503468],[-89.564407,42.502628],[-89.522542,42.501889],[-89.493216,42.501514],[-89.492612,42.501514],[-89.4843,42.501426],[-89.425162,42.500726],[-89.423926,42.500818],[-89.422567,42.50068],[-89.420991,42.500589],[-89.401432,42.500433],[-89.401416,42.500433],[-89.366031,42.500274]]],"type":"Polygon"}},{"_id":"utah","type":"Feature","properties":{"name":"Utah","abbreviation":"UT","capital":"Salt Lake City","city":"Salt Lake City","population":2900872,"area":219882,"waterarea":7063,"landarea":212819,"houseseats":4,"statehood":"1896-01-04","group":"US States"},"geometry":{"coordinates":[[[-111.046689,42.001567],[-111.046402,41.579845],[-111.046264,41.377731],[-111.0466,41.360692],[-111.046551,41.251716],[-111.046723,40.997959],[-110.500718,40.994746],[-110.048474,40.997103],[-110.000708,40.997352],[-109.999838,40.99733],[-109.855299,40.997614],[-109.854302,40.997661],[-109.715409,40.998191],[-109.713877,40.998266],[-109.676421,40.998395],[-109.207383,41.001459],[-109.050076,41.000659],[-109.048296,40.662602],[-109.048249,40.653601],[-109.050074,40.540358],[-109.049955,40.539901],[-109.050854,40.222662],[-109.050973,40.180849],[-109.050944,40.180712],[-109.050813,40.059579],[-109.050873,40.058915],[-109.051221,39.660472],[-109.051363,39.497674],[-109.051417,39.366677],[-109.051516,39.124982],[-109.053292,38.942878],[-109.053233,38.942467],[-109.053797,38.905284],[-109.053943,38.904414],[-109.059541,38.719888],[-109.059962,38.499987],[-109.060062,38.275489],[-109.042062,38.15549],[-109.042074,38.153023],[-109.04282,37.999301],[-109.042819,37.997068],[-109.043121,37.97426],[-109.042137,37.88116],[-109.041723,37.842051],[-109.041754,37.835826],[-109.04176,37.713182],[-109.041732,37.711214],[-109.042089,37.623795],[-109.042131,37.617662],[-109.041806,37.604171],[-109.041865,37.530726],[-109.041915,37.530653],[-109.043053,37.485161],[-109.04581,37.374993],[-109.045156,37.112064],[-109.045203,37.111958],[-109.045173,37.109464],[-109.045189,37.096271],[-109.044995,37.086429],[-109.045058,37.074661],[-109.045166,37.072742],[-109.045223,36.999084],[-109.181196,36.999271],[-109.233848,36.999266],[-109.246917,36.999346],[-109.26339,36.999263],[-109.268213,36.999242],[-109.270097,36.999266],[-109.378039,36.999135],[-109.381226,36.999148],[-110.000677,36.997968],[-110.33105,36.998216],[-110.495259,37.003875],[-110.75069,37.003197],[-111.189888,37.000959],[-111.405517,37.001497],[-111.405869,37.001481],[-111.412784,37.001478],[-112.35769,37.001025],[-112.368946,37.001125],[-112.534545,37.000684],[-112.538593,37.000674],[-112.540368,37.000669],[-112.545094,37.000734],[-112.558974,37.000692],[-112.609787,37.000753],[-112.899366,37.000319],[-112.966471,37.000219],[-113.965907,36.999976],[-113.965907,37.000025],[-114.0506,37.000396],[-114.051749,37.088434],[-114.051822,37.090976],[-114.051974,37.283848],[-114.051974,37.284511],[-114.0518,37.293044],[-114.0518,37.293548],[-114.051927,37.370459],[-114.051927,37.370734],[-114.052701,37.492014],[-114.052685,37.502513],[-114.052718,37.517264],[-114.052689,37.517859],[-114.052472,37.604776],[-114.051728,37.745997],[-114.051785,37.746249],[-114.05167,37.746958],[-114.051109,37.756276],[-114.048473,37.809861],[-114.050423,37.999961],[-114.049903,38.148601],[-114.05012,38.404536],[-114.050091,38.404673],[-114.049834,38.543784],[-114.049862,38.547764],[-114.050154,38.57292],[-114.049893,38.677365],[-114.047728,39.542742],[-114.047134,39.906037],[-114.046555,40.116931],[-114.045518,40.494474],[-114.045577,40.495801],[-114.045281,40.506586],[-114.043505,40.726292],[-114.043831,40.758666],[-114.043803,40.759205],[-114.042145,40.999926],[-114.039882,41.741991],[-114.041152,41.850595],[-114.041107,41.850573],[-114.041723,41.99372],[-113.893261,41.988057],[-113.796082,41.989104],[-113.76453,41.989459],[-113.431563,41.993799],[-113.40223,41.994161],[-113.396497,41.99425],[-113.000821,41.998223],[-113.00082,41.998223],[-112.979218,41.998263],[-112.909587,41.998791],[-112.882367,41.998922],[-112.880619,41.998921],[-112.833125,41.999345],[-112.833084,41.999305],[-112.788542,41.999681],[-112.709375,42.000309],[-112.648019,42.000307],[-112.450814,42.000953],[-112.450567,42.001092],[-112.38617,42.001126],[-112.264936,42.000991],[-112.239107,42.001217],[-112.163956,41.996708],[-112.109528,41.997105],[-111.915837,41.998519],[-111.915622,41.998496],[-111.876491,41.998528],[-111.507264,41.999518],[-111.425535,42.00084],[-111.420898,42.000793],[-111.415873,42.000748],[-111.046689,42.001567]]],"type":"Polygon"}},{"_id":"new mexico","type":"Feature","properties":{"name":"New Mexico","abbreviation":"NM","capital":"Santa Fe","city":"Albuquerque","population":2085287,"area":314917,"waterarea":756,"landarea":314160,"houseseats":3,"statehood":"1912-01-06","group":"US States"},"geometry":{"coordinates":[[[-105.998003,32.002328],[-106.09976,32.002174],[-106.18184,32.00205],[-106.200699,32.001785],[-106.205915,32.001762],[-106.313307,32.001512],[-106.377174,32.00149],[-106.394298,32.001484],[-106.411075,32.001334],[-106.565142,32.000736],[-106.566056,32.000759],[-106.587972,32.000749],[-106.595333,32.000778],[-106.598639,32.000754],[-106.599096,32.000731],[-106.614702,31.956],[-106.616136,31.948439],[-106.627808,31.860593],[-106.625763,31.856276],[-106.621857,31.852854],[-106.614637,31.84649],[-106.605845,31.846305],[-106.605245,31.845905],[-106.566844,31.813306],[-106.563444,31.812606],[-106.545344,31.805007],[-106.544714,31.804287],[-106.542144,31.802107],[-106.542097,31.802146],[-106.535843,31.798607],[-106.535343,31.797507],[-106.535154,31.797089],[-106.534743,31.796107],[-106.533043,31.791907],[-106.533,31.791829],[-106.53248,31.791914],[-106.530515,31.792103],[-106.527943,31.790507],[-106.527738,31.789761],[-106.527623,31.789119],[-106.527997,31.786945],[-106.528543,31.784407],[-106.528543,31.783907],[-106.750547,31.783706],[-106.750547,31.783898],[-106.993544,31.783689],[-106.998235,31.783671],[-107.00056,31.783679],[-107.00056,31.783513],[-107.296824,31.783762],[-107.422246,31.783599],[-107.422495,31.783599],[-108.208394,31.783599],[-108.208521,31.499798],[-108.208572,31.499742],[-108.208573,31.333395],[-108.851105,31.332301],[-108.861028,31.332315],[-109.050044,31.332502],[-109.049843,31.499515],[-109.049813,31.499528],[-109.049195,31.796551],[-109.048763,31.810776],[-109.048769,31.861383],[-109.04859,31.870791],[-109.048599,32.013651],[-109.048731,32.028174],[-109.048296,32.084093],[-109.048286,32.089114],[-109.047926,32.426376],[-109.047653,32.681379],[-109.047653,32.686327],[-109.047645,32.689988],[-109.047638,32.693439],[-109.047117,32.777569],[-109.047117,32.77757],[-109.04748,33.06842],[-109.047453,33.069427],[-109.046905,33.091931],[-109.047013,33.092917],[-109.047117,33.137559],[-109.047116,33.137995],[-109.047237,33.208965],[-109.046827,33.365272],[-109.046909,33.36557],[-109.047045,33.36928],[-109.04687,33.372654],[-109.046627,33.778233],[-109.046182,34.522393],[-109.046182,34.522553],[-109.046156,34.579291],[-109.045851,34.959718],[-109.046082,35.174665],[-109.046481,35.546326],[-109.046509,35.54644],[-109.046296,35.614251],[-109.046295,35.616517],[-109.046024,35.8798],[-109.046055,35.888721],[-109.046054,35.92586],[-109.046011,35.925896],[-109.045973,36.002338],[-109.045433,36.874589],[-109.045407,36.874998],[-109.045272,36.968871],[-109.045244,36.969489],[-109.045223,36.999084],[-108.958868,36.998913],[-108.954404,36.998906],[-108.620309,36.999287],[-108.619689,36.999249],[-108.379203,36.999459],[-108.320721,36.99951],[-108.320464,36.999499],[-108.2884,36.99952],[-108.288086,36.999555],[-107.481737,36.999973],[-107.420915,37.000005],[-107.420913,37.000005],[-107.000592,37.000009],[-106.869796,36.992426],[-106.675626,36.993123],[-106.661344,36.993243],[-106.628733,36.993161],[-106.628652,36.993175],[-106.617125,36.993004],[-106.617159,36.992967],[-106.476228,36.993472],[-106.248675,36.994288],[-106.247705,36.994266],[-106.006634,36.995343],[-105.997472,36.995417],[-105.996159,36.995418],[-105.71847,36.995846],[-105.716471,36.995849],[-105.66472,36.995874],[-105.62747,36.995679],[-105.533922,36.995875],[-105.512485,36.995777],[-105.508836,36.995895],[-105.465182,36.995991],[-105.447255,36.996017],[-105.442459,36.995994],[-105.41931,36.995856],[-105.220613,36.995169],[-105.155042,36.995339],[-105.1208,36.995428],[-105.000554,36.993264],[-104.73212,36.993484],[-104.732031,36.993447],[-104.007855,36.996239],[-103.734364,36.998041],[-103.733247,36.998016],[-103.086105,36.999864],[-103.002199,37.000104],[-103.002247,36.911587],[-103.001964,36.909573],[-103.002198,36.719427],[-103.002518,36.675186],[-103.002252,36.61718],[-103.002188,36.602716],[-103.002565,36.526588],[-103.002434,36.500397],[-103.041669,36.478514],[-103.041745,36.318267],[-103.041674,36.317534],[-103.040824,36.055231],[-103.041357,35.739274],[-103.041554,35.622487],[-103.042497,35.211862],[-103.042377,35.183156],[-103.042377,35.183149],[-103.042366,35.182786],[-103.042339,35.181922],[-103.042395,35.178573],[-103.042568,35.159318],[-103.042711,35.144735],[-103.0426,35.142766],[-103.04252,35.135596],[-103.042521,34.954101],[-103.042521,34.899546],[-103.042781,34.850243],[-103.04277,34.792224],[-103.042769,34.747361],[-103.042827,34.671188],[-103.043072,34.619782],[-103.043594,34.46266],[-103.043589,34.459774],[-103.043588,34.459662],[-103.043582,34.455657],[-103.043538,34.405463],[-103.043583,34.400678],[-103.043611,34.397105],[-103.043585,34.393716],[-103.043613,34.390442],[-103.043613,34.388679],[-103.043614,34.384969],[-103.04363,34.38469],[-103.043693,34.383578],[-103.043919,34.380916],[-103.043944,34.37966],[-103.043946,34.379555],[-103.043979,34.312764],[-103.043979,34.312749],[-103.043936,34.302585],[-103.043719,34.289441],[-103.043644,34.256903],[-103.043569,34.087947],[-103.043516,34.079382],[-103.043686,34.063078],[-103.043744,34.049986],[-103.043767,34.043545],[-103.043721,34.04232],[-103.043771,34.041538],[-103.043746,34.037294],[-103.043555,34.032714],[-103.043531,34.018014],[-103.043617,34.003633],[-103.04395,33.974629],[-103.044893,33.945617],[-103.045698,33.906299],[-103.045644,33.901537],[-103.046907,33.8503],[-103.047346,33.824675],[-103.049096,33.74627],[-103.050148,33.701971],[-103.050532,33.672408],[-103.051087,33.658186],[-103.051535,33.650487],[-103.051363,33.64195],[-103.051664,33.629489],[-103.05261,33.570599],[-103.056655,33.388438],[-103.056655,33.388416],[-103.057487,33.329477],[-103.057856,33.315234],[-103.060103,33.219225],[-103.063905,33.042055],[-103.06398,33.038693],[-103.064452,33.01029],[-103.064625,32.999899],[-103.064679,32.964373],[-103.064657,32.959097],[-103.064569,32.900014],[-103.064701,32.879355],[-103.064862,32.868346],[-103.064807,32.857696],[-103.064916,32.85726],[-103.064889,32.849359],[-103.064672,32.82847],[-103.064699,32.827531],[-103.064711,32.784593],[-103.064698,32.783602],[-103.064807,32.777303],[-103.064827,32.726628],[-103.064799,32.708694],[-103.064798,32.690761],[-103.064864,32.682647],[-103.064633,32.64642],[-103.064815,32.624537],[-103.064761,32.601863],[-103.064788,32.600397],[-103.064761,32.587983],[-103.064696,32.522193],[-103.064422,32.145006],[-103.064348,32.123041],[-103.064344,32.087051],[-103.064423,32.000518],[-103.085876,32.000465],[-103.088698,32.000453],[-103.215641,32.000513],[-103.267633,32.000475],[-103.267708,32.000324],[-103.270383,32.000326],[-103.278521,32.000419],[-103.326501,32.00037],[-103.722853,32.000221],[-103.980179,32.000125],[-104.024521,32.00001],[-104.531756,32.000117],[-104.531937,32.000311],[-104.640918,32.000396],[-104.643526,32.000443],[-104.847757,32.000482],[-104.918272,32.000496],[-105.077046,32.000579],[-105.078605,32.000533],[-105.11804,32.000485],[-105.131377,32.000524],[-105.132916,32.000518],[-105.14824,32.000485],[-105.15031,32.000497],[-105.153994,32.000497],[-105.390396,32.000607],[-105.427049,32.000638],[-105.428582,32.0006],[-105.429281,32.000577],[-105.886159,32.00197],[-105.9006,32.0021],[-105.998003,32.002328]]],"type":"Polygon"}},{"_id":"arizona","type":"Feature","properties":{"name":"Arizona","abbreviation":"AZ","capital":"Phoenix","city":"Phoenix","population":6626624,"area":295233,"waterarea":1026,"landarea":294207,"houseseats":9,"statehood":"1912-02-14","group":"US States"},"geometry":{"coordinates":[[[-112.538593,37.000674],[-112.534545,37.000684],[-112.368946,37.001125],[-112.35769,37.001025],[-111.412784,37.001478],[-111.405869,37.001481],[-111.405517,37.001497],[-111.189888,37.000959],[-110.75069,37.003197],[-110.495259,37.003875],[-110.33105,36.998216],[-110.000677,36.997968],[-109.381226,36.999148],[-109.378039,36.999135],[-109.270097,36.999266],[-109.268213,36.999242],[-109.26339,36.999263],[-109.246917,36.999346],[-109.233848,36.999266],[-109.181196,36.999271],[-109.045223,36.999084],[-109.045244,36.969489],[-109.045272,36.968871],[-109.045407,36.874998],[-109.045433,36.874589],[-109.045973,36.002338],[-109.046011,35.925896],[-109.046054,35.92586],[-109.046055,35.888721],[-109.046024,35.8798],[-109.046295,35.616517],[-109.046296,35.614251],[-109.046509,35.54644],[-109.046481,35.546326],[-109.046082,35.174665],[-109.045851,34.959718],[-109.046156,34.579291],[-109.046182,34.522553],[-109.046182,34.522393],[-109.046627,33.778233],[-109.04687,33.372654],[-109.047045,33.36928],[-109.046909,33.36557],[-109.046827,33.365272],[-109.047237,33.208965],[-109.047116,33.137995],[-109.047117,33.137559],[-109.047013,33.092917],[-109.046905,33.091931],[-109.047453,33.069427],[-109.04748,33.06842],[-109.047117,32.77757],[-109.047117,32.777569],[-109.047638,32.693439],[-109.047645,32.689988],[-109.047653,32.686327],[-109.047653,32.681379],[-109.047926,32.426376],[-109.048286,32.089114],[-109.048296,32.084093],[-109.048731,32.028174],[-109.048599,32.013651],[-109.04859,31.870791],[-109.048769,31.861383],[-109.048763,31.810776],[-109.049195,31.796551],[-109.049813,31.499528],[-109.049843,31.499515],[-109.050044,31.332502],[-109.426931,31.334033],[-110.460172,31.333051],[-110.760997,31.332765],[-110.976828,31.33256],[-111.098097,31.339836],[-111.366635,31.42588],[-111.57953,31.494095],[-112.246102,31.704195],[-112.867074,31.895488],[-113.125961,31.97278],[-113.333794,32.038521],[-113.493196,32.088943],[-114.250775,32.32391],[-114.813613,32.494277],[-114.809393,32.617119],[-114.80739,32.621332],[-114.799302,32.625115],[-114.781872,32.62505],[-114.753111,32.658304],[-114.748,32.664184],[-114.719633,32.718763],[-114.678632,32.736614],[-114.677091,32.736218],[-114.65884,32.73383],[-114.65826,32.733799],[-114.615585,32.728446],[-114.615733,32.729427],[-114.496827,32.822119],[-114.496284,32.822326],[-114.465715,32.879191],[-114.465715,32.87942],[-114.46289,32.905797],[-114.468605,32.971649],[-114.511343,33.023455],[-114.516912,33.026871],[-114.523578,33.030961],[-114.571653,33.036624],[-114.578287,33.035375],[-114.584765,33.028231],[-114.589778,33.026228],[-114.606282,33.025703],[-114.62387,33.02872],[-114.675104,33.047532],[-114.707819,33.091102],[-114.706175,33.105335],[-114.696829,33.131209],[-114.687074,33.142196],[-114.679359,33.159519],[-114.67536,33.185489],[-114.672088,33.258499],[-114.700103,33.341045],[-114.721233,33.396912],[-114.665278,33.415358],[-114.627125,33.433554],[-114.622918,33.456561],[-114.594534,33.495059],[-114.558898,33.531819],[-114.535664,33.568788],[-114.535965,33.569154],[-114.5403,33.580615],[-114.540617,33.591412],[-114.530348,33.679245],[-114.523959,33.685879],[-114.519113,33.688473],[-114.496489,33.696901],[-114.494197,33.707922],[-114.50434,33.756381],[-114.523365,33.80612],[-114.525539,33.838614],[-114.518434,33.917518],[-114.499883,33.961789],[-114.46361,33.993431],[-114.438266,34.022609],[-114.434949,34.037784],[-114.435429,34.079727],[-114.43338,34.088413],[-114.420499,34.103466],[-114.411681,34.110031],[-114.401352,34.111652],[-114.390565,34.110084],[-114.366521,34.118575],[-114.321618,34.138093],[-114.312592,34.144453],[-114.244191,34.179625],[-114.225861,34.201774],[-114.164476,34.251667],[-114.133264,34.258462],[-114.131489,34.260387],[-114.138282,34.30323],[-114.176909,34.349306],[-114.199482,34.361373],[-114.264317,34.401329],[-114.339627,34.451435],[-114.452547,34.653494],[-114.465607,34.69226],[-114.552682,34.766871],[-114.633051,34.869971],[-114.635176,34.875003],[-114.636725,34.889107],[-114.630877,34.907263],[-114.629015,34.986148],[-114.62919,34.991887],[-114.633013,35.002085],[-114.633544,35.015644],[-114.635469,35.028266],[-114.621956,35.094678],[-114.59912,35.12105],[-114.5843,35.124999],[-114.578524,35.12875],[-114.572747,35.138725],[-114.569569,35.163053],[-114.569238,35.18348],[-114.595931,35.325234],[-114.604314,35.353584],[-114.627137,35.409504],[-114.652005,35.429165],[-114.662125,35.444241],[-114.677643,35.489742],[-114.676733,35.499063],[-114.674981,35.510564],[-114.671147,35.520641],[-114.653806,35.59949],[-114.653406,35.610789],[-114.657506,35.618289],[-114.676707,35.640989],[-114.689407,35.651412],[-114.700308,35.700387],[-114.70771,35.811885],[-114.705611,35.848884],[-114.704211,35.851984],[-114.70613,35.878712],[-114.731296,35.945157],[-114.743576,35.983721],[-114.755618,36.087166],[-114.744857,36.098693],[-114.736165,36.104367],[-114.631716,36.142306],[-114.572031,36.15161],[-114.513256,36.151217],[-114.381446,36.141665],[-114.365835,36.133722],[-114.328777,36.105501],[-114.310857,36.083787],[-114.307235,36.076544],[-114.303614,36.066456],[-114.292663,36.051118],[-114.263146,36.025937],[-114.252651,36.020193],[-114.238799,36.014561],[-114.233289,36.014289],[-114.21369,36.015613],[-114.15413,36.023862],[-114.148774,36.02731],[-114.138202,36.041284],[-114.125796,36.077531],[-114.120193,36.102228],[-114.063021,36.186942],[-114.060302,36.189363],[-114.046838,36.194069],[-114.047106,36.250591],[-114.048515,36.289598],[-114.046403,36.371873],[-114.046488,36.473449],[-114.050562,36.656259],[-114.050578,36.800173],[-114.050583,36.843141],[-114.0506,37.000396],[-113.965907,37.000025],[-113.965907,36.999976],[-112.966471,37.000219],[-112.899366,37.000319],[-112.609787,37.000753],[-112.558974,37.000692],[-112.545094,37.000734],[-112.540368,37.000669],[-112.538593,37.000674]]],"type":"Polygon"}}]}